obj,tar,input,label
h,c,"['t', 'h', 'e']","['t', 'c', 'e']"
n,d,"['a', 'n', 'd']","['a', 'd', 'd']"
f,a,"['f', 'o', 'r']","['a', 'o', 'r']"
t,c,"['t', 'h', 'a', 't']","['c', 'h', 'a', 'c']"
h,g,"['t', 'h', 'i', 's']","['t', 'g', 'i', 's']"
i,w,"['w', 'i', 't', 'h']","['w', 'w', 't', 'h']"
o,a,"['y', 'o', 'u']","['y', 'a', 'u']"
o,p,"['n', 'o', 't']","['n', 'p', 't']"
a,u,"['a', 'r', 'e']","['u', 'r', 'e']"
m,j,"['f', 'r', 'o', 'm']","['f', 'r', 'o', 'j']"
u,i,"['y', 'o', 'u', 'r']","['y', 'o', 'i', 'r']"
a,p,"['a', 'l', 'l']","['p', 'l', 'l']"
a,f,"['h', 'a', 'v', 'e']","['h', 'f', 'v', 'e']"
w,r,"['n', 'e', 'w']","['n', 'e', 'r']"
o,g,"['m', 'o', 'r', 'e']","['m', 'g', 'r', 'e']"
s,x,"['w', 'a', 's']","['w', 'a', 'x']"
w,s,"['w', 'i', 'l', 'l']","['s', 'i', 'l', 'l']"
m,e,"['h', 'o', 'm', 'e']","['h', 'o', 'e', 'e']"
n,i,"['c', 'a', 'n']","['c', 'a', 'i']"
u,v,"['a', 'b', 'o', 'u', 't']","['a', 'b', 'o', 'v', 't']"
a,m,"['p', 'a', 'g', 'e']","['p', 'm', 'g', 'e']"
s,h,"['h', 'a', 's']","['h', 'a', 'h']"
r,t,"['s', 'e', 'a', 'r', 'c', 'h']","['s', 'e', 'a', 't', 'c', 'h']"
f,f,"['f', 'r', 'e', 'e']","['f', 'r', 'e', 'e']"
t,b,"['b', 'u', 't']","['b', 'u', 'b']"
o,e,"['o', 'u', 'r']","['e', 'u', 'r']"
n,j,"['o', 'n', 'e']","['o', 'j', 'e']"
t,s,"['o', 't', 'h', 'e', 'r']","['o', 's', 'h', 'e', 'r']"
i,f,"['i', 'n', 'f', 'o', 'r', 'm', 'a', 't', 'i', 'o', 'n']","['f', 'n', 'f', 'o', 'r', 'm', 'a', 't', 'f', 'o', 'n']"
t,b,"['t', 'i', 'm', 'e']","['b', 'i', 'm', 'e']"
h,z,"['t', 'h', 'e', 'y']","['t', 'z', 'e', 'y']"
i,l,"['s', 'i', 't', 'e']","['s', 'l', 't', 'e']"
y,h,"['m', 'a', 'y']","['m', 'a', 'h']"
a,v,"['w', 'h', 'a', 't']","['w', 'h', 'v', 't']"
c,n,"['w', 'h', 'i', 'c', 'h']","['w', 'h', 'i', 'n', 'h']"
h,a,"['t', 'h', 'e', 'i', 'r']","['t', 'a', 'e', 'i', 'r']"
s,q,"['n', 'e', 'w', 's']","['n', 'e', 'w', 'q']"
t,i,"['o', 'u', 't']","['o', 'u', 'i']"
u,b,"['u', 's', 'e']","['b', 's', 'e']"
n,i,"['a', 'n', 'y']","['a', 'i', 'y']"
t,i,"['t', 'h', 'e', 'r', 'e']","['i', 'h', 'e', 'r', 'e']"
e,h,"['s', 'e', 'e']","['s', 'h', 'h']"
o,v,"['o', 'n', 'l', 'y']","['v', 'n', 'l', 'y']"
h,j,"['h', 'i', 's']","['j', 'i', 's']"
h,s,"['w', 'h', 'e', 'n']","['w', 's', 'e', 'n']"
a,p,"['c', 'o', 'n', 't', 'a', 'c', 't']","['c', 'o', 'n', 't', 'p', 'c', 't']"
r,z,"['h', 'e', 'r', 'e']","['h', 'e', 'z', 'e']"
u,d,"['b', 'u', 's', 'i', 'n', 'e', 's', 's']","['b', 'd', 's', 'i', 'n', 'e', 's', 's']"
h,r,"['w', 'h', 'o']","['w', 'r', 'o']"
b,g,"['w', 'e', 'b']","['w', 'e', 'g']"
o,n,"['a', 'l', 's', 'o']","['a', 'l', 's', 'n']"
o,o,"['n', 'o', 'w']","['n', 'o', 'w']"
e,n,"['h', 'e', 'l', 'p']","['h', 'n', 'l', 'p']"
e,b,"['g', 'e', 't']","['g', 'b', 't']"
i,m,"['v', 'i', 'e', 'w']","['v', 'm', 'e', 'w']"
e,z,"['o', 'n', 'l', 'i', 'n', 'e']","['o', 'n', 'l', 'i', 'n', 'z']"
s,y,"['f', 'i', 'r', 's', 't']","['f', 'i', 'r', 'y', 't']"
n,m,"['b', 'e', 'e', 'n']","['b', 'e', 'e', 'm']"
o,g,"['w', 'o', 'u', 'l', 'd']","['w', 'g', 'u', 'l', 'd']"
h,n,"['h', 'o', 'w']","['n', 'o', 'w']"
r,j,"['w', 'e', 'r', 'e']","['w', 'e', 'j', 'e']"
c,g,"['s', 'e', 'r', 'v', 'i', 'c', 'e', 's']","['s', 'e', 'r', 'v', 'i', 'g', 'e', 's']"
s,e,"['s', 'o', 'm', 'e']","['e', 'o', 'm', 'e']"
h,z,"['t', 'h', 'e', 's', 'e']","['t', 'z', 'e', 's', 'e']"
i,t,"['c', 'l', 'i', 'c', 'k']","['c', 'l', 't', 'c', 'k']"
s,q,"['i', 't', 's']","['i', 't', 'q']"
i,l,"['l', 'i', 'k', 'e']","['l', 'l', 'k', 'e']"
e,h,"['s', 'e', 'r', 'v', 'i', 'c', 'e']","['s', 'h', 'r', 'v', 'i', 'c', 'h']"
h,s,"['t', 'h', 'a', 'n']","['t', 's', 'a', 'n']"
d,d,"['f', 'i', 'n', 'd']","['f', 'i', 'n', 'd']"
p,h,"['p', 'r', 'i', 'c', 'e']","['h', 'r', 'i', 'c', 'e']"
t,b,"['d', 'a', 't', 'e']","['d', 'a', 'b', 'e']"
a,d,"['b', 'a', 'c', 'k']","['b', 'd', 'c', 'k']"
o,t,"['t', 'o', 'p']","['t', 't', 'p']"
l,e,"['p', 'e', 'o', 'p', 'l', 'e']","['p', 'e', 'o', 'p', 'e', 'e']"
d,j,"['h', 'a', 'd']","['h', 'a', 'j']"
s,q,"['l', 'i', 's', 't']","['l', 'i', 'q', 't']"
m,n,"['n', 'a', 'm', 'e']","['n', 'a', 'n', 'e']"
t,q,"['j', 'u', 's', 't']","['j', 'u', 's', 'q']"
o,j,"['o', 'v', 'e', 'r']","['j', 'v', 'e', 'r']"
t,z,"['s', 't', 'a', 't', 'e']","['s', 'z', 'a', 'z', 'e']"
a,b,"['y', 'e', 'a', 'r']","['y', 'e', 'b', 'r']"
d,g,"['d', 'a', 'y']","['g', 'a', 'y']"
o,f,"['i', 'n', 't', 'o']","['i', 'n', 't', 'f']"
a,r,"['e', 'm', 'a', 'i', 'l']","['e', 'm', 'r', 'i', 'l']"
t,i,"['t', 'w', 'o']","['i', 'w', 'o']"
t,j,"['h', 'e', 'a', 'l', 't', 'h']","['h', 'e', 'a', 'l', 'j', 'h']"
r,m,"['w', 'o', 'r', 'l', 'd']","['w', 'o', 'm', 'l', 'd']"
t,l,"['n', 'e', 'x', 't']","['n', 'e', 'x', 'l']"
s,e,"['u', 's', 'e', 'd']","['u', 'e', 'e', 'd']"
w,x,"['w', 'o', 'r', 'k']","['x', 'o', 'r', 'k']"
l,k,"['l', 'a', 's', 't']","['k', 'a', 's', 't']"
s,a,"['m', 'o', 's', 't']","['m', 'o', 'a', 't']"
t,d,"['p', 'r', 'o', 'd', 'u', 'c', 't', 's']","['p', 'r', 'o', 'd', 'u', 'c', 'd', 's']"
c,b,"['m', 'u', 's', 'i', 'c']","['m', 'u', 's', 'i', 'b']"
u,z,"['b', 'u', 'y']","['b', 'z', 'y']"
a,x,"['d', 'a', 't', 'a']","['d', 'x', 't', 'x']"
k,g,"['m', 'a', 'k', 'e']","['m', 'a', 'g', 'e']"
m,b,"['t', 'h', 'e', 'm']","['t', 'h', 'e', 'b']"
d,u,"['s', 'h', 'o', 'u', 'l', 'd']","['s', 'h', 'o', 'u', 'l', 'u']"
u,h,"['p', 'r', 'o', 'd', 'u', 'c', 't']","['p', 'r', 'o', 'd', 'h', 'c', 't']"
s,k,"['s', 'y', 's', 't', 'e', 'm']","['k', 'y', 'k', 't', 'e', 'm']"
s,s,"['p', 'o', 's', 't']","['p', 'o', 's', 't']"
e,q,"['h', 'e', 'r']","['h', 'q', 'r']"
i,v,"['c', 'i', 't', 'y']","['c', 'v', 't', 'y']"
d,t,"['a', 'd', 'd']","['a', 't', 't']"
c,r,"['p', 'o', 'l', 'i', 'c', 'y']","['p', 'o', 'l', 'i', 'r', 'y']"
m,w,"['n', 'u', 'm', 'b', 'e', 'r']","['n', 'u', 'w', 'b', 'e', 'r']"
h,p,"['s', 'u', 'c', 'h']","['s', 'u', 'c', 'p']"
s,c,"['p', 'l', 'e', 'a', 's', 'e']","['p', 'l', 'e', 'a', 'c', 'e']"
l,o,"['a', 'v', 'a', 'i', 'l', 'a', 'b', 'l', 'e']","['a', 'v', 'a', 'i', 'o', 'a', 'b', 'o', 'e']"
r,b,"['c', 'o', 'p', 'y', 'r', 'i', 'g', 'h', 't']","['c', 'o', 'p', 'y', 'b', 'i', 'g', 'h', 't']"
u,v,"['s', 'u', 'p', 'p', 'o', 'r', 't']","['s', 'v', 'p', 'p', 'o', 'r', 't']"
s,n,"['m', 'e', 's', 's', 'a', 'g', 'e']","['m', 'e', 'n', 'n', 'a', 'g', 'e']"
r,f,"['a', 'f', 't', 'e', 'r']","['a', 'f', 't', 'e', 'f']"
s,i,"['b', 'e', 's', 't']","['b', 'e', 'i', 't']"
a,o,"['s', 'o', 'f', 't', 'w', 'a', 'r', 'e']","['s', 'o', 'f', 't', 'w', 'o', 'r', 'e']"
e,u,"['t', 'h', 'e', 'n']","['t', 'h', 'u', 'n']"
j,x,"['j', 'a', 'n']","['x', 'a', 'n']"
d,p,"['g', 'o', 'o', 'd']","['g', 'o', 'o', 'p']"
e,x,"['v', 'i', 'd', 'e', 'o']","['v', 'i', 'd', 'x', 'o']"
w,e,"['w', 'e', 'l', 'l']","['e', 'e', 'l', 'l']"
e,o,"['w', 'h', 'e', 'r', 'e']","['w', 'h', 'o', 'r', 'o']"
f,c,"['i', 'n', 'f', 'o']","['i', 'n', 'c', 'o']"
r,e,"['r', 'i', 'g', 'h', 't', 's']","['e', 'i', 'g', 'h', 't', 's']"
c,t,"['p', 'u', 'b', 'l', 'i', 'c']","['p', 'u', 'b', 'l', 'i', 't']"
k,z,"['b', 'o', 'o', 'k', 's']","['b', 'o', 'o', 'z', 's']"
g,k,"['h', 'i', 'g', 'h']","['h', 'i', 'k', 'h']"
h,l,"['s', 'c', 'h', 'o', 'o', 'l']","['s', 'c', 'l', 'o', 'o', 'l']"
h,c,"['t', 'h', 'r', 'o', 'u', 'g', 'h']","['t', 'c', 'r', 'o', 'u', 'g', 'c']"
e,r,"['e', 'a', 'c', 'h']","['r', 'a', 'c', 'h']"
k,d,"['l', 'i', 'n', 'k', 's']","['l', 'i', 'n', 'd', 's']"
e,b,"['s', 'h', 'e']","['s', 'h', 'b']"
r,y,"['r', 'e', 'v', 'i', 'e', 'w']","['y', 'e', 'v', 'i', 'e', 'w']"
y,k,"['y', 'e', 'a', 'r', 's']","['k', 'e', 'a', 'r', 's']"
d,n,"['o', 'r', 'd', 'e', 'r']","['o', 'r', 'n', 'e', 'r']"
y,b,"['v', 'e', 'r', 'y']","['v', 'e', 'r', 'b']"
c,v,"['p', 'r', 'i', 'v', 'a', 'c', 'y']","['p', 'r', 'i', 'v', 'a', 'v', 'y']"
k,g,"['b', 'o', 'o', 'k']","['b', 'o', 'o', 'g']"
t,j,"['i', 't', 'e', 'm', 's']","['i', 'j', 'e', 'm', 's']"
o,d,"['c', 'o', 'm', 'p', 'a', 'n', 'y']","['c', 'd', 'm', 'p', 'a', 'n', 'y']"
a,s,"['r', 'e', 'a', 'd']","['r', 'e', 's', 'd']"
r,v,"['g', 'r', 'o', 'u', 'p']","['g', 'v', 'o', 'u', 'p']"
s,h,"['s', 'e', 'x']","['h', 'e', 'x']"
e,z,"['n', 'e', 'e', 'd']","['n', 'z', 'z', 'd']"
a,e,"['m', 'a', 'n', 'y']","['m', 'e', 'n', 'y']"
u,f,"['u', 's', 'e', 'r']","['f', 's', 'e', 'r']"
s,t,"['s', 'a', 'i', 'd']","['t', 'a', 'i', 'd']"
e,r,"['d', 'o', 'e', 's']","['d', 'o', 'r', 's']"
t,s,"['s', 'e', 't']","['s', 'e', 's']"
r,z,"['u', 'n', 'd', 'e', 'r']","['u', 'n', 'd', 'e', 'z']"
r,b,"['g', 'e', 'n', 'e', 'r', 'a', 'l']","['g', 'e', 'n', 'e', 'b', 'a', 'l']"
h,r,"['r', 'e', 's', 'e', 'a', 'r', 'c', 'h']","['r', 'e', 's', 'e', 'a', 'r', 'c', 'r']"
t,j,"['u', 'n', 'i', 'v', 'e', 'r', 's', 'i', 't', 'y']","['u', 'n', 'i', 'v', 'e', 'r', 's', 'i', 'j', 'y']"
r,z,"['j', 'a', 'n', 'u', 'a', 'r', 'y']","['j', 'a', 'n', 'u', 'a', 'z', 'y']"
m,j,"['m', 'a', 'i', 'l']","['j', 'a', 'i', 'l']"
u,p,"['f', 'u', 'l', 'l']","['f', 'p', 'l', 'l']"
a,b,"['m', 'a', 'p']","['m', 'b', 'p']"
s,q,"['r', 'e', 'v', 'i', 'e', 'w', 's']","['r', 'e', 'v', 'i', 'e', 'w', 'q']"
m,c,"['p', 'r', 'o', 'g', 'r', 'a', 'm']","['p', 'r', 'o', 'g', 'r', 'a', 'c']"
l,n,"['l', 'i', 'f', 'e']","['n', 'i', 'f', 'e']"
w,m,"['k', 'n', 'o', 'w']","['k', 'n', 'o', 'm']"
g,h,"['g', 'a', 'm', 'e', 's']","['h', 'a', 'm', 'e', 's']"
a,m,"['w', 'a', 'y']","['w', 'm', 'y']"
y,e,"['d', 'a', 'y', 's']","['d', 'a', 'e', 's']"
t,q,"['m', 'a', 'n', 'a', 'g', 'e', 'm', 'e', 'n', 't']","['m', 'a', 'n', 'a', 'g', 'e', 'm', 'e', 'n', 'q']"
a,m,"['p', 'a', 'r', 't']","['p', 'm', 'r', 't']"
d,d,"['c', 'o', 'u', 'l', 'd']","['c', 'o', 'u', 'l', 'd']"
t,z,"['g', 'r', 'e', 'a', 't']","['g', 'r', 'e', 'a', 'z']"
n,i,"['u', 'n', 'i', 't', 'e', 'd']","['u', 'i', 'i', 't', 'e', 'd']"
e,x,"['h', 'o', 't', 'e', 'l']","['h', 'o', 't', 'x', 'l']"
e,d,"['r', 'e', 'a', 'l']","['r', 'd', 'a', 'l']"
e,b,"['i', 't', 'e', 'm']","['i', 't', 'b', 'm']"
l,e,"['i', 'n', 't', 'e', 'r', 'n', 'a', 't', 'i', 'o', 'n', 'a', 'l']","['i', 'n', 't', 'e', 'r', 'n', 'a', 't', 'i', 'o', 'n', 'a', 'e']"
e,x,"['c', 'e', 'n', 't', 'e', 'r']","['c', 'x', 'n', 't', 'x', 'r']"
b,k,"['e', 'b', 'a', 'y']","['e', 'k', 'a', 'y']"
m,c,"['m', 'u', 's', 't']","['c', 'u', 's', 't']"
t,t,"['s', 't', 'o', 'r', 'e']","['s', 't', 'o', 'r', 'e']"
e,o,"['t', 'r', 'a', 'v', 'e', 'l']","['t', 'r', 'a', 'v', 'o', 'l']"
s,s,"['c', 'o', 'm', 'm', 'e', 'n', 't', 's']","['c', 'o', 'm', 'm', 'e', 'n', 't', 's']"
d,h,"['m', 'a', 'd', 'e']","['m', 'a', 'h', 'e']"
e,b,"['d', 'e', 'v', 'e', 'l', 'o', 'p', 'm', 'e', 'n', 't']","['d', 'b', 'v', 'b', 'l', 'o', 'p', 'm', 'b', 'n', 't']"
e,s,"['r', 'e', 'p', 'o', 'r', 't']","['r', 's', 'p', 'o', 'r', 't']"
o,d,"['o', 'f', 'f']","['d', 'f', 'f']"
b,m,"['m', 'e', 'm', 'b', 'e', 'r']","['m', 'e', 'm', 'm', 'e', 'r']"
s,o,"['d', 'e', 't', 'a', 'i', 'l', 's']","['d', 'e', 't', 'a', 'i', 'l', 'o']"
i,p,"['l', 'i', 'n', 'e']","['l', 'p', 'n', 'e']"
e,c,"['t', 'e', 'r', 'm', 's']","['t', 'c', 'r', 'm', 's']"
f,o,"['b', 'e', 'f', 'o', 'r', 'e']","['b', 'e', 'o', 'o', 'r', 'e']"
h,q,"['h', 'o', 't', 'e', 'l', 's']","['q', 'o', 't', 'e', 'l', 's']"
d,f,"['d', 'i', 'd']","['f', 'i', 'f']"
s,d,"['s', 'e', 'n', 'd']","['d', 'e', 'n', 'd']"
h,k,"['r', 'i', 'g', 'h', 't']","['r', 'i', 'g', 'k', 't']"
p,f,"['t', 'y', 'p', 'e']","['t', 'y', 'f', 'e']"
u,p,"['b', 'e', 'c', 'a', 'u', 's', 'e']","['b', 'e', 'c', 'a', 'p', 's', 'e']"
c,s,"['l', 'o', 'c', 'a', 'l']","['l', 'o', 's', 'a', 'l']"
t,y,"['t', 'h', 'o', 's', 'e']","['y', 'h', 'o', 's', 'e']"
u,q,"['u', 's', 'i', 'n', 'g']","['q', 's', 'i', 'n', 'g']"
u,g,"['r', 'e', 's', 'u', 'l', 't', 's']","['r', 'e', 's', 'g', 'l', 't', 's']"
o,s,"['o', 'f', 'f', 'i', 'c', 'e']","['s', 'f', 'f', 'i', 'c', 'e']"
c,q,"['e', 'd', 'u', 'c', 'a', 't', 'i', 'o', 'n']","['e', 'd', 'u', 'q', 'a', 't', 'i', 'o', 'n']"
l,q,"['n', 'a', 't', 'i', 'o', 'n', 'a', 'l']","['n', 'a', 't', 'i', 'o', 'n', 'a', 'q']"
c,g,"['c', 'a', 'r']","['g', 'a', 'r']"
n,d,"['d', 'e', 's', 'i', 'g', 'n']","['d', 'e', 's', 'i', 'g', 'd']"
t,s,"['t', 'a', 'k', 'e']","['s', 'a', 'k', 'e']"
e,k,"['p', 'o', 's', 't', 'e', 'd']","['p', 'o', 's', 't', 'k', 'd']"
i,w,"['i', 'n', 't', 'e', 'r', 'n', 'e', 't']","['w', 'n', 't', 'e', 'r', 'n', 'e', 't']"
r,h,"['a', 'd', 'd', 'r', 'e', 's', 's']","['a', 'd', 'd', 'h', 'e', 's', 's']"
n,n,"['c', 'o', 'm', 'm', 'u', 'n', 'i', 't', 'y']","['c', 'o', 'm', 'm', 'u', 'n', 'i', 't', 'y']"
n,z,"['w', 'i', 't', 'h', 'i', 'n']","['w', 'i', 't', 'h', 'i', 'z']"
e,d,"['s', 't', 'a', 't', 'e', 's']","['s', 't', 'a', 't', 'd', 's']"
a,t,"['a', 'r', 'e', 'a']","['t', 'r', 'e', 't']"
n,c,"['w', 'a', 'n', 't']","['w', 'a', 'c', 't']"
h,v,"['p', 'h', 'o', 'n', 'e']","['p', 'v', 'o', 'n', 'e']"
d,h,"['d', 'v', 'd']","['h', 'v', 'h']"
g,y,"['s', 'h', 'i', 'p', 'p', 'i', 'n', 'g']","['s', 'h', 'i', 'p', 'p', 'i', 'n', 'y']"
e,x,"['r', 'e', 's', 'e', 'r', 'v', 'e', 'd']","['r', 'x', 's', 'x', 'r', 'v', 'x', 'd']"
j,m,"['s', 'u', 'b', 'j', 'e', 'c', 't']","['s', 'u', 'b', 'm', 'e', 'c', 't']"
t,u,"['b', 'e', 't', 'w', 'e', 'e', 'n']","['b', 'e', 'u', 'w', 'e', 'e', 'n']"
f,y,"['f', 'o', 'r', 'u', 'm']","['y', 'o', 'r', 'u', 'm']"
f,x,"['f', 'a', 'm', 'i', 'l', 'y']","['x', 'a', 'm', 'i', 'l', 'y']"
l,n,"['l', 'o', 'n', 'g']","['n', 'o', 'n', 'g']"
s,a,"['b', 'a', 's', 'e', 'd']","['b', 'a', 'a', 'e', 'd']"
c,u,"['c', 'o', 'd', 'e']","['u', 'o', 'd', 'e']"
w,q,"['s', 'h', 'o', 'w']","['s', 'h', 'o', 'q']"
v,c,"['e', 'v', 'e', 'n']","['e', 'c', 'e', 'n']"
b,z,"['b', 'l', 'a', 'c', 'k']","['z', 'l', 'a', 'c', 'k']"
c,h,"['c', 'h', 'e', 'c', 'k']","['h', 'h', 'e', 'h', 'k']"
a,j,"['s', 'p', 'e', 'c', 'i', 'a', 'l']","['s', 'p', 'e', 'c', 'i', 'j', 'l']"
p,q,"['p', 'r', 'i', 'c', 'e', 's']","['q', 'r', 'i', 'c', 'e', 's']"
s,v,"['w', 'e', 'b', 's', 'i', 't', 'e']","['w', 'e', 'b', 'v', 'i', 't', 'e']"
e,x,"['i', 'n', 'd', 'e', 'x']","['i', 'n', 'd', 'x', 'x']"
g,o,"['b', 'e', 'i', 'n', 'g']","['b', 'e', 'i', 'n', 'o']"
m,j,"['w', 'o', 'm', 'e', 'n']","['w', 'o', 'j', 'e', 'n']"
h,o,"['m', 'u', 'c', 'h']","['m', 'u', 'c', 'o']"
s,e,"['s', 'i', 'g', 'n']","['e', 'i', 'g', 'n']"
e,a,"['f', 'i', 'l', 'e']","['f', 'i', 'l', 'a']"
n,r,"['l', 'i', 'n', 'k']","['l', 'i', 'r', 'k']"
e,g,"['o', 'p', 'e', 'n']","['o', 'p', 'g', 'n']"
d,e,"['t', 'o', 'd', 'a', 'y']","['t', 'o', 'e', 'a', 'y']"
o,i,"['t', 'e', 'c', 'h', 'n', 'o', 'l', 'o', 'g', 'y']","['t', 'e', 'c', 'h', 'n', 'i', 'l', 'i', 'g', 'y']"
o,t,"['s', 'o', 'u', 't', 'h']","['s', 't', 'u', 't', 'h']"
s,b,"['c', 'a', 's', 'e']","['c', 'a', 'b', 'e']"
r,s,"['p', 'r', 'o', 'j', 'e', 'c', 't']","['p', 's', 'o', 'j', 'e', 'c', 't']"
m,a,"['s', 'a', 'm', 'e']","['s', 'a', 'a', 'e']"
e,m,"['p', 'a', 'g', 'e', 's']","['p', 'a', 'g', 'm', 's']"
v,h,"['v', 'e', 'r', 's', 'i', 'o', 'n']","['h', 'e', 'r', 's', 'i', 'o', 'n']"
o,c,"['s', 'e', 'c', 't', 'i', 'o', 'n']","['s', 'e', 'c', 't', 'i', 'c', 'n']"
w,p,"['o', 'w', 'n']","['o', 'p', 'n']"
o,b,"['f', 'o', 'u', 'n', 'd']","['f', 'b', 'u', 'n', 'd']"
r,n,"['s', 'p', 'o', 'r', 't', 's']","['s', 'p', 'o', 'n', 't', 's']"
s,a,"['h', 'o', 'u', 's', 'e']","['h', 'o', 'u', 'a', 'e']"
t,n,"['r', 'e', 'l', 'a', 't', 'e', 'd']","['r', 'e', 'l', 'a', 'n', 'e', 'd']"
r,o,"['s', 'e', 'c', 'u', 'r', 'i', 't', 'y']","['s', 'e', 'c', 'u', 'o', 'i', 't', 'y']"
o,p,"['b', 'o', 't', 'h']","['b', 'p', 't', 'h']"
u,u,"['c', 'o', 'u', 'n', 't', 'y']","['c', 'o', 'u', 'n', 't', 'y']"
e,s,"['a', 'm', 'e', 'r', 'i', 'c', 'a', 'n']","['a', 'm', 's', 'r', 'i', 'c', 'a', 'n']"
t,k,"['p', 'h', 'o', 't', 'o']","['p', 'h', 'o', 'k', 'o']"
e,e,"['g', 'a', 'm', 'e']","['g', 'a', 'm', 'e']"
e,x,"['m', 'e', 'm', 'b', 'e', 'r', 's']","['m', 'x', 'm', 'b', 'x', 'r', 's']"
e,c,"['p', 'o', 'w', 'e', 'r']","['p', 'o', 'w', 'c', 'r']"
i,a,"['w', 'h', 'i', 'l', 'e']","['w', 'h', 'a', 'l', 'e']"
a,w,"['c', 'a', 'r', 'e']","['c', 'w', 'r', 'e']"
e,r,"['n', 'e', 't', 'w', 'o', 'r', 'k']","['n', 'r', 't', 'w', 'o', 'r', 'k']"
d,h,"['d', 'o', 'w', 'n']","['h', 'o', 'w', 'n']"
m,f,"['c', 'o', 'm', 'p', 'u', 't', 'e', 'r']","['c', 'o', 'f', 'p', 'u', 't', 'e', 'r']"
s,u,"['s', 'y', 's', 't', 'e', 'm', 's']","['u', 'y', 'u', 't', 'e', 'm', 'u']"
e,p,"['t', 'h', 'r', 'e', 'e']","['t', 'h', 'r', 'p', 'p']"
a,g,"['t', 'o', 't', 'a', 'l']","['t', 'o', 't', 'g', 'l']"
e,j,"['p', 'l', 'a', 'c', 'e']","['p', 'l', 'a', 'c', 'j']"
d,l,"['e', 'n', 'd']","['e', 'n', 'l']"
g,r,"['f', 'o', 'l', 'l', 'o', 'w', 'i', 'n', 'g']","['f', 'o', 'l', 'l', 'o', 'w', 'i', 'n', 'r']"
a,f,"['d', 'o', 'w', 'n', 'l', 'o', 'a', 'd']","['d', 'o', 'w', 'n', 'l', 'o', 'f', 'd']"
h,p,"['h', 'i', 'm']","['p', 'i', 'm']"
w,w,"['w', 'i', 't', 'h', 'o', 'u', 't']","['w', 'i', 't', 'h', 'o', 'u', 't']"
r,s,"['p', 'e', 'r']","['p', 'e', 's']"
s,g,"['a', 'c', 'c', 'e', 's', 's']","['a', 'c', 'c', 'e', 'g', 'g']"
k,p,"['t', 'h', 'i', 'n', 'k']","['t', 'h', 'i', 'n', 'p']"
o,c,"['n', 'o', 'r', 't', 'h']","['n', 'c', 'r', 't', 'h']"
s,d,"['r', 'e', 's', 'o', 'u', 'r', 'c', 'e', 's']","['r', 'e', 'd', 'o', 'u', 'r', 'c', 'e', 'd']"
t,e,"['c', 'u', 'r', 'r', 'e', 'n', 't']","['c', 'u', 'r', 'r', 'e', 'n', 'e']"
s,l,"['p', 'o', 's', 't', 's']","['p', 'o', 'l', 't', 'l']"
b,f,"['b', 'i', 'g']","['f', 'i', 'g']"
d,d,"['m', 'e', 'd', 'i', 'a']","['m', 'e', 'd', 'i', 'a']"
w,g,"['l', 'a', 'w']","['l', 'a', 'g']"
o,o,"['c', 'o', 'n', 't', 'r', 'o', 'l']","['c', 'o', 'n', 't', 'r', 'o', 'l']"
r,j,"['w', 'a', 't', 'e', 'r']","['w', 'a', 't', 'e', 'j']"
h,r,"['h', 'i', 's', 't', 'o', 'r', 'y']","['r', 'i', 's', 't', 'o', 'r', 'y']"
u,o,"['p', 'i', 'c', 't', 'u', 'r', 'e', 's']","['p', 'i', 'c', 't', 'o', 'r', 'e', 's']"
z,y,"['s', 'i', 'z', 'e']","['s', 'i', 'y', 'e']"
t,j,"['a', 'r', 't']","['a', 'r', 'j']"
e,c,"['p', 'e', 'r', 's', 'o', 'n', 'a', 'l']","['p', 'c', 'r', 's', 'o', 'n', 'a', 'l']"
n,d,"['s', 'i', 'n', 'c', 'e']","['s', 'i', 'd', 'c', 'e']"
l,g,"['i', 'n', 'c', 'l', 'u', 'd', 'i', 'n', 'g']","['i', 'n', 'c', 'g', 'u', 'd', 'i', 'n', 'g']"
g,o,"['g', 'u', 'i', 'd', 'e']","['o', 'u', 'i', 'd', 'e']"
h,d,"['s', 'h', 'o', 'p']","['s', 'd', 'o', 'p']"
c,e,"['d', 'i', 'r', 'e', 'c', 't', 'o', 'r', 'y']","['d', 'i', 'r', 'e', 'e', 't', 'o', 'r', 'y']"
o,q,"['b', 'o', 'a', 'r', 'd']","['b', 'q', 'a', 'r', 'd']"
n,e,"['l', 'o', 'c', 'a', 't', 'i', 'o', 'n']","['l', 'o', 'c', 'a', 't', 'i', 'o', 'e']"
c,z,"['c', 'h', 'a', 'n', 'g', 'e']","['z', 'h', 'a', 'n', 'g', 'e']"
h,h,"['w', 'h', 'i', 't', 'e']","['w', 'h', 'i', 't', 'e']"
t,q,"['t', 'e', 'x', 't']","['q', 'e', 'x', 'q']"
s,j,"['s', 'm', 'a', 'l', 'l']","['j', 'm', 'a', 'l', 'l']"
i,j,"['r', 'a', 't', 'i', 'n', 'g']","['r', 'a', 't', 'j', 'n', 'g']"
r,s,"['r', 'a', 't', 'e']","['s', 'a', 't', 'e']"
n,r,"['g', 'o', 'v', 'e', 'r', 'n', 'm', 'e', 'n', 't']","['g', 'o', 'v', 'e', 'r', 'r', 'm', 'e', 'r', 't']"
n,h,"['c', 'h', 'i', 'l', 'd', 'r', 'e', 'n']","['c', 'h', 'i', 'l', 'd', 'r', 'e', 'h']"
d,c,"['d', 'u', 'r', 'i', 'n', 'g']","['c', 'u', 'r', 'i', 'n', 'g']"
s,f,"['u', 's', 'a']","['u', 'f', 'a']"
r,h,"['r', 'e', 't', 'u', 'r', 'n']","['h', 'e', 't', 'u', 'h', 'n']"
d,a,"['s', 't', 'u', 'd', 'e', 'n', 't', 's']","['s', 't', 'u', 'a', 'e', 'n', 't', 's']"
h,d,"['s', 'h', 'o', 'p', 'p', 'i', 'n', 'g']","['s', 'd', 'o', 'p', 'p', 'i', 'n', 'g']"
o,c,"['a', 'c', 'c', 'o', 'u', 'n', 't']","['a', 'c', 'c', 'c', 'u', 'n', 't']"
i,x,"['t', 'i', 'm', 'e', 's']","['t', 'x', 'm', 'e', 's']"
s,v,"['s', 'i', 't', 'e', 's']","['v', 'i', 't', 'e', 'v']"
e,h,"['l', 'e', 'v', 'e', 'l']","['l', 'h', 'v', 'h', 'l']"
g,n,"['d', 'i', 'g', 'i', 't', 'a', 'l']","['d', 'i', 'n', 'i', 't', 'a', 'l']"
i,d,"['p', 'r', 'o', 'f', 'i', 'l', 'e']","['p', 'r', 'o', 'f', 'd', 'l', 'e']"
r,m,"['p', 'r', 'e', 'v', 'i', 'o', 'u', 's']","['p', 'm', 'e', 'v', 'i', 'o', 'u', 's']"
m,a,"['f', 'o', 'r', 'm']","['f', 'o', 'r', 'a']"
t,l,"['e', 'v', 'e', 'n', 't', 's']","['e', 'v', 'e', 'n', 'l', 's']"
v,u,"['l', 'o', 'v', 'e']","['l', 'o', 'u', 'e']"
l,a,"['o', 'l', 'd']","['o', 'a', 'd']"
n,q,"['j', 'o', 'h', 'n']","['j', 'o', 'h', 'q']"
i,y,"['m', 'a', 'i', 'n']","['m', 'a', 'y', 'n']"
a,n,"['c', 'a', 'l', 'l']","['c', 'n', 'l', 'l']"
r,y,"['h', 'o', 'u', 'r', 's']","['h', 'o', 'u', 'y', 's']"
m,q,"['i', 'm', 'a', 'g', 'e']","['i', 'q', 'a', 'g', 'e']"
p,u,"['d', 'e', 'p', 'a', 'r', 't', 'm', 'e', 'n', 't']","['d', 'e', 'u', 'a', 'r', 't', 'm', 'e', 'n', 't']"
l,f,"['t', 'i', 't', 'l', 'e']","['t', 'i', 't', 'f', 'e']"
o,h,"['d', 'e', 's', 'c', 'r', 'i', 'p', 't', 'i', 'o', 'n']","['d', 'e', 's', 'c', 'r', 'i', 'p', 't', 'i', 'h', 'n']"
n,y,"['n', 'o', 'n']","['y', 'o', 'y']"
e,t,"['i', 'n', 's', 'u', 'r', 'a', 'n', 'c', 'e']","['i', 'n', 's', 'u', 'r', 'a', 'n', 'c', 't']"
h,s,"['a', 'n', 'o', 't', 'h', 'e', 'r']","['a', 'n', 'o', 't', 's', 'e', 'r']"
h,m,"['w', 'h', 'y']","['w', 'm', 'y']"
a,x,"['s', 'h', 'a', 'l', 'l']","['s', 'h', 'x', 'l', 'l']"
p,q,"['p', 'r', 'o', 'p', 'e', 'r', 't', 'y']","['q', 'r', 'o', 'q', 'e', 'r', 't', 'y']"
l,b,"['c', 'l', 'a', 's', 's']","['c', 'b', 'a', 's', 's']"
i,x,"['s', 't', 'i', 'l', 'l']","['s', 't', 'x', 'l', 'l']"
n,k,"['m', 'o', 'n', 'e', 'y']","['m', 'o', 'k', 'e', 'y']"
y,l,"['q', 'u', 'a', 'l', 'i', 't', 'y']","['q', 'u', 'a', 'l', 'i', 't', 'l']"
r,x,"['e', 'v', 'e', 'r', 'y']","['e', 'v', 'e', 'x', 'y']"
g,j,"['l', 'i', 's', 't', 'i', 'n', 'g']","['l', 'i', 's', 't', 'i', 'n', 'j']"
t,z,"['c', 'o', 'n', 't', 'e', 'n', 't']","['c', 'o', 'n', 'z', 'e', 'n', 'z']"
c,z,"['c', 'o', 'u', 'n', 't', 'r', 'y']","['z', 'o', 'u', 'n', 't', 'r', 'y']"
i,r,"['p', 'r', 'i', 'v', 'a', 't', 'e']","['p', 'r', 'r', 'v', 'a', 't', 'e']"
l,q,"['l', 'i', 't', 't', 'l', 'e']","['q', 'i', 't', 't', 'q', 'e']"
s,p,"['v', 'i', 's', 'i', 't']","['v', 'i', 'p', 'i', 't']"
a,b,"['s', 'a', 'v', 'e']","['s', 'b', 'v', 'e']"
t,j,"['t', 'o', 'o', 'l', 's']","['j', 'o', 'o', 'l', 's']"
l,o,"['l', 'o', 'w']","['o', 'o', 'w']"
r,v,"['r', 'e', 'p', 'l', 'y']","['v', 'e', 'p', 'l', 'y']"
c,g,"['c', 'u', 's', 't', 'o', 'm', 'e', 'r']","['g', 'u', 's', 't', 'o', 'm', 'e', 'r']"
d,b,"['d', 'e', 'c', 'e', 'm', 'b', 'e', 'r']","['b', 'e', 'c', 'e', 'm', 'b', 'e', 'r']"
r,o,"['c', 'o', 'm', 'p', 'a', 'r', 'e']","['c', 'o', 'm', 'p', 'a', 'o', 'e']"
s,z,"['m', 'o', 'v', 'i', 'e', 's']","['m', 'o', 'v', 'i', 'e', 'z']"
u,s,"['i', 'n', 'c', 'l', 'u', 'd', 'e']","['i', 'n', 'c', 'l', 's', 'd', 'e']"
c,p,"['c', 'o', 'l', 'l', 'e', 'g', 'e']","['p', 'o', 'l', 'l', 'e', 'g', 'e']"
u,i,"['v', 'a', 'l', 'u', 'e']","['v', 'a', 'l', 'i', 'e']"
c,k,"['a', 'r', 't', 'i', 'c', 'l', 'e']","['a', 'r', 't', 'i', 'k', 'l', 'e']"
o,n,"['y', 'o', 'r', 'k']","['y', 'n', 'r', 'k']"
m,i,"['m', 'a', 'n']","['i', 'a', 'n']"
c,p,"['c', 'a', 'r', 'd']","['p', 'a', 'r', 'd']"
b,c,"['j', 'o', 'b', 's']","['j', 'o', 'c', 's']"
v,o,"['p', 'r', 'o', 'v', 'i', 'd', 'e']","['p', 'r', 'o', 'o', 'i', 'd', 'e']"
f,l,"['f', 'o', 'o', 'd']","['l', 'o', 'o', 'd']"
s,a,"['s', 'o', 'u', 'r', 'c', 'e']","['a', 'o', 'u', 'r', 'c', 'e']"
t,l,"['a', 'u', 't', 'h', 'o', 'r']","['a', 'u', 'l', 'h', 'o', 'r']"
f,p,"['d', 'i', 'f', 'f', 'e', 'r', 'e', 'n', 't']","['d', 'i', 'p', 'p', 'e', 'r', 'e', 'n', 't']"
r,y,"['p', 'r', 'e', 's', 's']","['p', 'y', 'e', 's', 's']"
e,o,"['l', 'e', 'a', 'r', 'n']","['l', 'o', 'a', 'r', 'n']"
e,t,"['s', 'a', 'l', 'e']","['s', 'a', 'l', 't']"
u,n,"['a', 'r', 'o', 'u', 'n', 'd']","['a', 'r', 'o', 'n', 'n', 'd']"
t,n,"['p', 'r', 'i', 'n', 't']","['p', 'r', 'i', 'n', 'n']"
o,y,"['c', 'o', 'u', 'r', 's', 'e']","['c', 'y', 'u', 'r', 's', 'e']"
b,i,"['j', 'o', 'b']","['j', 'o', 'i']"
n,f,"['c', 'a', 'n', 'a', 'd', 'a']","['c', 'a', 'f', 'a', 'd', 'a']"
o,w,"['p', 'r', 'o', 'c', 'e', 's', 's']","['p', 'r', 'w', 'c', 'e', 's', 's']"
e,p,"['t', 'e', 'e', 'n']","['t', 'p', 'p', 'n']"
r,x,"['r', 'o', 'o', 'm']","['x', 'o', 'o', 'm']"
k,l,"['s', 't', 'o', 'c', 'k']","['s', 't', 'o', 'c', 'l']"
g,e,"['t', 'r', 'a', 'i', 'n', 'i', 'n', 'g']","['t', 'r', 'a', 'i', 'n', 'i', 'n', 'e']"
o,e,"['t', 'o', 'o']","['t', 'e', 'e']"
i,c,"['c', 'r', 'e', 'd', 'i', 't']","['c', 'r', 'e', 'd', 'c', 't']"
i,t,"['p', 'o', 'i', 'n', 't']","['p', 'o', 't', 'n', 't']"
j,f,"['j', 'o', 'i', 'n']","['f', 'o', 'i', 'n']"
i,v,"['s', 'c', 'i', 'e', 'n', 'c', 'e']","['s', 'c', 'v', 'e', 'n', 'c', 'e']"
m,x,"['m', 'e', 'n']","['x', 'e', 'n']"
t,g,"['c', 'a', 't', 'e', 'g', 'o', 'r', 'i', 'e', 's']","['c', 'a', 'g', 'e', 'g', 'o', 'r', 'i', 'e', 's']"
e,k,"['a', 'd', 'v', 'a', 'n', 'c', 'e', 'd']","['a', 'd', 'v', 'a', 'n', 'c', 'k', 'd']"
t,m,"['w', 'e', 's', 't']","['w', 'e', 's', 'm']"
l,i,"['s', 'a', 'l', 'e', 's']","['s', 'a', 'i', 'e', 's']"
k,h,"['l', 'o', 'o', 'k']","['l', 'o', 'o', 'h']"
s,v,"['e', 'n', 'g', 'l', 'i', 's', 'h']","['e', 'n', 'g', 'l', 'i', 'v', 'h']"
e,k,"['l', 'e', 'f', 't']","['l', 'k', 'f', 't']"
t,y,"['t', 'e', 'a', 'm']","['y', 'e', 'a', 'm']"
e,l,"['e', 's', 't', 'a', 't', 'e']","['l', 's', 't', 'a', 't', 'l']"
x,s,"['b', 'o', 'x']","['b', 'o', 's']"
n,o,"['c', 'o', 'n', 'd', 'i', 't', 'i', 'o', 'n', 's']","['c', 'o', 'o', 'd', 'i', 't', 'i', 'o', 'o', 's']"
t,v,"['s', 'e', 'l', 'e', 'c', 't']","['s', 'e', 'l', 'e', 'c', 'v']"
n,g,"['w', 'i', 'n', 'd', 'o', 'w', 's']","['w', 'i', 'g', 'd', 'o', 'w', 's']"
t,p,"['p', 'h', 'o', 't', 'o', 's']","['p', 'h', 'o', 'p', 'o', 's']"
g,b,"['g', 'a', 'y']","['b', 'a', 'y']"
d,j,"['t', 'h', 'r', 'e', 'a', 'd']","['t', 'h', 'r', 'e', 'a', 'j']"
k,t,"['w', 'e', 'e', 'k']","['w', 'e', 'e', 't']"
t,p,"['c', 'a', 't', 'e', 'g', 'o', 'r', 'y']","['c', 'a', 'p', 'e', 'g', 'o', 'r', 'y']"
n,u,"['n', 'o', 't', 'e']","['u', 'o', 't', 'e']"
i,i,"['l', 'i', 'v', 'e']","['l', 'i', 'v', 'e']"
l,y,"['l', 'a', 'r', 'g', 'e']","['y', 'a', 'r', 'g', 'e']"
e,n,"['g', 'a', 'l', 'l', 'e', 'r', 'y']","['g', 'a', 'l', 'l', 'n', 'r', 'y']"
b,g,"['t', 'a', 'b', 'l', 'e']","['t', 'a', 'g', 'l', 'e']"
i,i,"['r', 'e', 'g', 'i', 's', 't', 'e', 'r']","['r', 'e', 'g', 'i', 's', 't', 'e', 'r']"
v,m,"['h', 'o', 'w', 'e', 'v', 'e', 'r']","['h', 'o', 'w', 'e', 'm', 'e', 'r']"
n,t,"['j', 'u', 'n', 'e']","['j', 'u', 't', 'e']"
e,m,"['o', 'c', 't', 'o', 'b', 'e', 'r']","['o', 'c', 't', 'o', 'b', 'm', 'r']"
r,d,"['n', 'o', 'v', 'e', 'm', 'b', 'e', 'r']","['n', 'o', 'v', 'e', 'm', 'b', 'e', 'd']"
k,m,"['m', 'a', 'r', 'k', 'e', 't']","['m', 'a', 'r', 'm', 'e', 't']"
l,a,"['l', 'i', 'b', 'r', 'a', 'r', 'y']","['a', 'i', 'b', 'r', 'a', 'r', 'y']"
y,b,"['r', 'e', 'a', 'l', 'l', 'y']","['r', 'e', 'a', 'l', 'l', 'b']"
t,v,"['a', 'c', 't', 'i', 'o', 'n']","['a', 'c', 'v', 'i', 'o', 'n']"
r,f,"['s', 't', 'a', 'r', 't']","['s', 't', 'a', 'f', 't']"
s,x,"['s', 'e', 'r', 'i', 'e', 's']","['x', 'e', 'r', 'i', 'e', 'x']"
o,u,"['m', 'o', 'd', 'e', 'l']","['m', 'u', 'd', 'e', 'l']"
r,j,"['f', 'e', 'a', 't', 'u', 'r', 'e', 's']","['f', 'e', 'a', 't', 'u', 'j', 'e', 's']"
a,d,"['a', 'i', 'r']","['d', 'i', 'r']"
i,h,"['i', 'n', 'd', 'u', 's', 't', 'r', 'y']","['h', 'n', 'd', 'u', 's', 't', 'r', 'y']"
p,p,"['p', 'l', 'a', 'n']","['p', 'l', 'a', 'n']"
m,q,"['h', 'u', 'm', 'a', 'n']","['h', 'u', 'q', 'a', 'n']"
v,l,"['p', 'r', 'o', 'v', 'i', 'd', 'e', 'd']","['p', 'r', 'o', 'l', 'i', 'd', 'e', 'd']"
s,k,"['y', 'e', 's']","['y', 'e', 'k']"
i,y,"['r', 'e', 'q', 'u', 'i', 'r', 'e', 'd']","['r', 'e', 'q', 'u', 'y', 'r', 'e', 'd']"
c,p,"['s', 'e', 'c', 'o', 'n', 'd']","['s', 'e', 'p', 'o', 'n', 'd']"
h,o,"['h', 'o', 't']","['o', 'o', 't']"
c,a,"['a', 'c', 'c', 'e', 's', 's', 'o', 'r', 'i', 'e', 's']","['a', 'a', 'a', 'e', 's', 's', 'o', 'r', 'i', 'e', 's']"
o,z,"['c', 'o', 's', 't']","['c', 'z', 's', 't']"
e,y,"['m', 'o', 'v', 'i', 'e']","['m', 'o', 'v', 'i', 'y']"
m,c,"['f', 'o', 'r', 'u', 'm', 's']","['f', 'o', 'r', 'u', 'c', 's']"
c,u,"['m', 'a', 'r', 'c', 'h']","['m', 'a', 'r', 'u', 'h']"
p,p,"['s', 'e', 'p', 't', 'e', 'm', 'b', 'e', 'r']","['s', 'e', 'p', 't', 'e', 'm', 'b', 'e', 'r']"
b,x,"['b', 'e', 't', 't', 'e', 'r']","['x', 'e', 't', 't', 'e', 'r']"
a,k,"['s', 'a', 'y']","['s', 'k', 'y']"
n,b,"['q', 'u', 'e', 's', 't', 'i', 'o', 'n', 's']","['q', 'u', 'e', 's', 't', 'i', 'o', 'b', 's']"
y,c,"['j', 'u', 'l', 'y']","['j', 'u', 'l', 'c']"
y,w,"['y', 'a', 'h', 'o', 'o']","['w', 'a', 'h', 'o', 'o']"
n,o,"['g', 'o', 'i', 'n', 'g']","['g', 'o', 'i', 'o', 'g']"
m,x,"['m', 'e', 'd', 'i', 'c', 'a', 'l']","['x', 'e', 'd', 'i', 'c', 'a', 'l']"
e,g,"['t', 'e', 's', 't']","['t', 'g', 's', 't']"
f,y,"['f', 'r', 'i', 'e', 'n', 'd']","['y', 'r', 'i', 'e', 'n', 'd']"
e,g,"['c', 'o', 'm', 'e']","['c', 'o', 'm', 'g']"
e,b,"['d', 'e', 'c']","['d', 'b', 'c']"
e,s,"['s', 'e', 'r', 'v', 'e', 'r']","['s', 's', 'r', 'v', 's', 'r']"
t,e,"['s', 't', 'u', 'd', 'y']","['s', 'e', 'u', 'd', 'y']"
i,v,"['a', 'p', 'p', 'l', 'i', 'c', 'a', 't', 'i', 'o', 'n']","['a', 'p', 'p', 'l', 'v', 'c', 'a', 't', 'v', 'o', 'n']"
r,o,"['c', 'a', 'r', 't']","['c', 'a', 'o', 't']"
t,d,"['s', 't', 'a', 'f', 'f']","['s', 'd', 'a', 'f', 'f']"
c,t,"['a', 'r', 't', 'i', 'c', 'l', 'e', 's']","['a', 'r', 't', 'i', 't', 'l', 'e', 's']"
n,g,"['s', 'a', 'n']","['s', 'a', 'g']"
e,t,"['f', 'e', 'e', 'd', 'b', 'a', 'c', 'k']","['f', 't', 't', 'd', 'b', 'a', 'c', 'k']"
a,a,"['a', 'g', 'a', 'i', 'n']","['a', 'g', 'a', 'i', 'n']"
l,r,"['p', 'l', 'a', 'y']","['p', 'r', 'a', 'y']"
l,r,"['l', 'o', 'o', 'k', 'i', 'n', 'g']","['r', 'o', 'o', 'k', 'i', 'n', 'g']"
e,r,"['i', 's', 's', 'u', 'e', 's']","['i', 's', 's', 'u', 'r', 's']"
a,t,"['a', 'p', 'r', 'i', 'l']","['t', 'p', 'r', 'i', 'l']"
r,d,"['n', 'e', 'v', 'e', 'r']","['n', 'e', 'v', 'e', 'd']"
r,j,"['u', 's', 'e', 'r', 's']","['u', 's', 'e', 'j', 's']"
e,m,"['c', 'o', 'm', 'p', 'l', 'e', 't', 'e']","['c', 'o', 'm', 'p', 'l', 'm', 't', 'm']"
s,e,"['s', 't', 'r', 'e', 'e', 't']","['e', 't', 'r', 'e', 'e', 't']"
p,f,"['t', 'o', 'p', 'i', 'c']","['t', 'o', 'f', 'i', 'c']"
m,o,"['c', 'o', 'm', 'm', 'e', 'n', 't']","['c', 'o', 'o', 'o', 'e', 'n', 't']"
a,p,"['f', 'i', 'n', 'a', 'n', 'c', 'i', 'a', 'l']","['f', 'i', 'n', 'p', 'n', 'c', 'i', 'p', 'l']"
i,q,"['t', 'h', 'i', 'n', 'g', 's']","['t', 'h', 'q', 'n', 'g', 's']"
o,v,"['w', 'o', 'r', 'k', 'i', 'n', 'g']","['w', 'v', 'r', 'k', 'i', 'n', 'g']"
n,s,"['a', 'g', 'a', 'i', 'n', 's', 't']","['a', 'g', 'a', 'i', 's', 's', 't']"
a,k,"['s', 't', 'a', 'n', 'd', 'a', 'r', 'd']","['s', 't', 'k', 'n', 'd', 'k', 'r', 'd']"
x,y,"['t', 'a', 'x']","['t', 'a', 'y']"
s,r,"['p', 'e', 'r', 's', 'o', 'n']","['p', 'e', 'r', 'r', 'o', 'n']"
l,o,"['b', 'e', 'l', 'o', 'w']","['b', 'e', 'o', 'o', 'w']"
i,b,"['m', 'o', 'b', 'i', 'l', 'e']","['m', 'o', 'b', 'b', 'l', 'e']"
s,a,"['l', 'e', 's', 's']","['l', 'e', 'a', 'a']"
o,o,"['g', 'o', 't']","['g', 'o', 't']"
g,k,"['b', 'l', 'o', 'g']","['b', 'l', 'o', 'k']"
a,x,"['p', 'a', 'r', 't', 'y']","['p', 'x', 'r', 't', 'y']"
e,y,"['p', 'a', 'y', 'm', 'e', 'n', 't']","['p', 'a', 'y', 'm', 'y', 'n', 't']"
m,g,"['e', 'q', 'u', 'i', 'p', 'm', 'e', 'n', 't']","['e', 'q', 'u', 'i', 'p', 'g', 'e', 'n', 't']"
n,f,"['l', 'o', 'g', 'i', 'n']","['l', 'o', 'g', 'i', 'f']"
d,h,"['s', 't', 'u', 'd', 'e', 'n', 't']","['s', 't', 'u', 'h', 'e', 'n', 't']"
l,v,"['l', 'e', 't']","['v', 'e', 't']"
o,w,"['p', 'r', 'o', 'g', 'r', 'a', 'm', 's']","['p', 'r', 'w', 'g', 'r', 'a', 'm', 's']"
o,d,"['o', 'f', 'f', 'e', 'r', 's']","['d', 'f', 'f', 'e', 'r', 's']"
g,d,"['l', 'e', 'g', 'a', 'l']","['l', 'e', 'd', 'a', 'l']"
b,e,"['a', 'b', 'o', 'v', 'e']","['a', 'e', 'o', 'v', 'e']"
n,k,"['r', 'e', 'c', 'e', 'n', 't']","['r', 'e', 'c', 'e', 'k', 't']"
k,d,"['p', 'a', 'r', 'k']","['p', 'a', 'r', 'd']"
e,l,"['s', 't', 'o', 'r', 'e', 's']","['s', 't', 'o', 'r', 'l', 's']"
d,p,"['s', 'i', 'd', 'e']","['s', 'i', 'p', 'e']"
c,b,"['a', 'c', 't']","['a', 'b', 't']"
p,u,"['p', 'r', 'o', 'b', 'l', 'e', 'm']","['u', 'r', 'o', 'b', 'l', 'e', 'm']"
d,u,"['r', 'e', 'd']","['r', 'e', 'u']"
v,y,"['g', 'i', 'v', 'e']","['g', 'i', 'y', 'e']"
e,d,"['m', 'e', 'm', 'o', 'r', 'y']","['m', 'd', 'm', 'o', 'r', 'y']"
e,r,"['p', 'e', 'r', 'f', 'o', 'r', 'm', 'a', 'n', 'c', 'e']","['p', 'r', 'r', 'f', 'o', 'r', 'm', 'a', 'n', 'c', 'r']"
o,f,"['s', 'o', 'c', 'i', 'a', 'l']","['s', 'f', 'c', 'i', 'a', 'l']"
s,w,"['a', 'u', 'g', 'u', 's', 't']","['a', 'u', 'g', 'u', 'w', 't']"
o,g,"['q', 'u', 'o', 't', 'e']","['q', 'u', 'g', 't', 'e']"
u,b,"['l', 'a', 'n', 'g', 'u', 'a', 'g', 'e']","['l', 'a', 'n', 'g', 'b', 'a', 'g', 'e']"
s,z,"['s', 't', 'o', 'r', 'y']","['z', 't', 'o', 'r', 'y']"
l,m,"['s', 'e', 'l', 'l']","['s', 'e', 'm', 'm']"
t,d,"['o', 'p', 't', 'i', 'o', 'n', 's']","['o', 'p', 'd', 'i', 'o', 'n', 's']"
n,k,"['e', 'x', 'p', 'e', 'r', 'i', 'e', 'n', 'c', 'e']","['e', 'x', 'p', 'e', 'r', 'i', 'e', 'k', 'c', 'e']"
a,t,"['r', 'a', 't', 'e', 's']","['r', 't', 't', 'e', 's']"
r,e,"['c', 'r', 'e', 'a', 't', 'e']","['c', 'e', 'e', 'a', 't', 'e']"
k,o,"['k', 'e', 'y']","['o', 'e', 'y']"
y,h,"['b', 'o', 'd', 'y']","['b', 'o', 'd', 'h']"
n,r,"['y', 'o', 'u', 'n', 'g']","['y', 'o', 'u', 'r', 'g']"
c,j,"['a', 'm', 'e', 'r', 'i', 'c', 'a']","['a', 'm', 'e', 'r', 'i', 'j', 'a']"
a,i,"['i', 'm', 'p', 'o', 'r', 't', 'a', 'n', 't']","['i', 'm', 'p', 'o', 'r', 't', 'i', 'n', 't']"
d,v,"['f', 'i', 'e', 'l', 'd']","['f', 'i', 'e', 'l', 'v']"
e,s,"['f', 'e', 'w']","['f', 's', 'w']"
a,q,"['e', 'a', 's', 't']","['e', 'q', 's', 't']"
p,h,"['p', 'a', 'p', 'e', 'r']","['h', 'a', 'h', 'e', 'r']"
l,s,"['s', 'i', 'n', 'g', 'l', 'e']","['s', 'i', 'n', 'g', 's', 'e']"
g,v,"['a', 'g', 'e']","['a', 'v', 'e']"
t,m,"['a', 'c', 't', 'i', 'v', 'i', 't', 'i', 'e', 's']","['a', 'c', 'm', 'i', 'v', 'i', 'm', 'i', 'e', 's']"
l,a,"['c', 'l', 'u', 'b']","['c', 'a', 'u', 'b']"
x,z,"['e', 'x', 'a', 'm', 'p', 'l', 'e']","['e', 'z', 'a', 'm', 'p', 'l', 'e']"
g,n,"['g', 'i', 'r', 'l', 's']","['n', 'i', 'r', 'l', 's']"
d,a,"['a', 'd', 'd', 'i', 't', 'i', 'o', 'n', 'a', 'l']","['a', 'a', 'a', 'i', 't', 'i', 'o', 'n', 'a', 'l']"
o,z,"['p', 'a', 's', 's', 'w', 'o', 'r', 'd']","['p', 'a', 's', 's', 'w', 'z', 'r', 'd']"
s,z,"['l', 'a', 't', 'e', 's', 't']","['l', 'a', 't', 'e', 'z', 't']"
s,r,"['s', 'o', 'm', 'e', 't', 'h', 'i', 'n', 'g']","['r', 'o', 'm', 'e', 't', 'h', 'i', 'n', 'g']"
a,p,"['r', 'o', 'a', 'd']","['r', 'o', 'p', 'd']"
f,m,"['g', 'i', 'f', 't']","['g', 'i', 'm', 't']"
s,x,"['q', 'u', 'e', 's', 't', 'i', 'o', 'n']","['q', 'u', 'e', 'x', 't', 'i', 'o', 'n']"
n,d,"['c', 'h', 'a', 'n', 'g', 'e', 's']","['c', 'h', 'a', 'd', 'g', 'e', 's']"
g,i,"['n', 'i', 'g', 'h', 't']","['n', 'i', 'i', 'h', 't']"
d,t,"['h', 'a', 'r', 'd']","['h', 'a', 'r', 't']"
x,g,"['t', 'e', 'x', 'a', 's']","['t', 'e', 'g', 'a', 's']"
t,d,"['o', 'c', 't']","['o', 'c', 'd']"
y,g,"['p', 'a', 'y']","['p', 'a', 'g']"
o,v,"['f', 'o', 'u', 'r']","['f', 'v', 'u', 'r']"
r,n,"['p', 'o', 'k', 'e', 'r']","['p', 'o', 'k', 'e', 'n']"
a,l,"['s', 't', 'a', 't', 'u', 's']","['s', 't', 'l', 't', 'u', 's']"
b,u,"['b', 'r', 'o', 'w', 's', 'e']","['u', 'r', 'o', 'w', 's', 'e']"
i,y,"['i', 's', 's', 'u', 'e']","['y', 's', 's', 'u', 'e']"
e,v,"['r', 'a', 'n', 'g', 'e']","['r', 'a', 'n', 'g', 'v']"
l,n,"['b', 'u', 'i', 'l', 'd', 'i', 'n', 'g']","['b', 'u', 'i', 'n', 'd', 'i', 'n', 'g']"
e,y,"['s', 'e', 'l', 'l', 'e', 'r']","['s', 'y', 'l', 'l', 'y', 'r']"
t,d,"['c', 'o', 'u', 'r', 't']","['c', 'o', 'u', 'r', 'd']"
a,l,"['f', 'e', 'b', 'r', 'u', 'a', 'r', 'y']","['f', 'e', 'b', 'r', 'u', 'l', 'r', 'y']"
s,l,"['a', 'l', 'w', 'a', 'y', 's']","['a', 'l', 'w', 'a', 'y', 'l']"
s,m,"['r', 'e', 's', 'u', 'l', 't']","['r', 'e', 'm', 'u', 'l', 't']"
o,s,"['a', 'u', 'd', 'i', 'o']","['a', 'u', 'd', 'i', 's']"
l,q,"['l', 'i', 'g', 'h', 't']","['q', 'i', 'g', 'h', 't']"
e,p,"['w', 'r', 'i', 't', 'e']","['w', 'r', 'i', 't', 'p']"
a,i,"['w', 'a', 'r']","['w', 'i', 'r']"
n,b,"['n', 'o', 'v']","['b', 'o', 'v']"
e,u,"['o', 'f', 'f', 'e', 'r']","['o', 'f', 'f', 'u', 'r']"
e,a,"['b', 'l', 'u', 'e']","['b', 'l', 'u', 'a']"
u,i,"['g', 'r', 'o', 'u', 'p', 's']","['g', 'r', 'o', 'i', 'p', 's']"
s,m,"['e', 'a', 's', 'y']","['e', 'a', 'm', 'y']"
g,l,"['g', 'i', 'v', 'e', 'n']","['l', 'i', 'v', 'e', 'n']"
e,q,"['f', 'i', 'l', 'e', 's']","['f', 'i', 'l', 'q', 's']"
t,h,"['e', 'v', 'e', 'n', 't']","['e', 'v', 'e', 'n', 'h']"
l,k,"['r', 'e', 'l', 'e', 'a', 's', 'e']","['r', 'e', 'k', 'e', 'a', 's', 'e']"
n,l,"['a', 'n', 'a', 'l', 'y', 's', 'i', 's']","['a', 'l', 'a', 'l', 'y', 's', 'i', 's']"
e,p,"['r', 'e', 'q', 'u', 'e', 's', 't']","['r', 'p', 'q', 'u', 'p', 's', 't']"
a,r,"['f', 'a', 'x']","['f', 'r', 'x']"
h,f,"['c', 'h', 'i', 'n', 'a']","['c', 'f', 'i', 'n', 'a']"
i,a,"['m', 'a', 'k', 'i', 'n', 'g']","['m', 'a', 'k', 'a', 'n', 'g']"
r,d,"['p', 'i', 'c', 't', 'u', 'r', 'e']","['p', 'i', 'c', 't', 'u', 'd', 'e']"
s,c,"['n', 'e', 'e', 'd', 's']","['n', 'e', 'e', 'd', 'c']"
l,q,"['p', 'o', 's', 's', 'i', 'b', 'l', 'e']","['p', 'o', 's', 's', 'i', 'b', 'q', 'e']"
i,w,"['m', 'i', 'g', 'h', 't']","['m', 'w', 'g', 'h', 't']"
l,l,"['p', 'r', 'o', 'f', 'e', 's', 's', 'i', 'o', 'n', 'a', 'l']","['p', 'r', 'o', 'f', 'e', 's', 's', 'i', 'o', 'n', 'a', 'l']"
y,r,"['y', 'e', 't']","['r', 'e', 't']"
n,l,"['m', 'o', 'n', 't', 'h']","['m', 'o', 'l', 't', 'h']"
m,n,"['m', 'a', 'j', 'o', 'r']","['n', 'a', 'j', 'o', 'r']"
r,p,"['s', 't', 'a', 'r']","['s', 't', 'a', 'p']"
s,l,"['a', 'r', 'e', 'a', 's']","['a', 'r', 'e', 'a', 'l']"
u,e,"['f', 'u', 't', 'u', 'r', 'e']","['f', 'e', 't', 'e', 'r', 'e']"
e,p,"['s', 'p', 'a', 'c', 'e']","['s', 'p', 'a', 'c', 'p']"
i,k,"['c', 'o', 'm', 'm', 'i', 't', 't', 'e', 'e']","['c', 'o', 'm', 'm', 'k', 't', 't', 'e', 'e']"
a,h,"['h', 'a', 'n', 'd']","['h', 'h', 'n', 'd']"
s,i,"['s', 'u', 'n']","['i', 'u', 'n']"
d,s,"['c', 'a', 'r', 'd', 's']","['c', 'a', 'r', 's', 's']"
r,w,"['p', 'r', 'o', 'b', 'l', 'e', 'm', 's']","['p', 'w', 'o', 'b', 'l', 'e', 'm', 's']"
o,h,"['l', 'o', 'n', 'd', 'o', 'n']","['l', 'h', 'n', 'd', 'h', 'n']"
a,c,"['w', 'a', 's', 'h', 'i', 'n', 'g', 't', 'o', 'n']","['w', 'c', 's', 'h', 'i', 'n', 'g', 't', 'o', 'n']"
m,k,"['m', 'e', 'e', 't', 'i', 'n', 'g']","['k', 'e', 'e', 't', 'i', 'n', 'g']"
r,n,"['r', 's', 's']","['n', 's', 's']"
o,u,"['b', 'e', 'c', 'o', 'm', 'e']","['b', 'e', 'c', 'u', 'm', 'e']"
i,h,"['i', 'n', 't', 'e', 'r', 'e', 's', 't']","['h', 'n', 't', 'e', 'r', 'e', 's', 't']"
i,w,"['c', 'h', 'i', 'l', 'd']","['c', 'h', 'w', 'l', 'd']"
e,l,"['k', 'e', 'e', 'p']","['k', 'l', 'l', 'p']"
t,o,"['e', 'n', 't', 'e', 'r']","['e', 'n', 'o', 'e', 'r']"
c,u,"['c', 'a', 'l', 'i', 'f', 'o', 'r', 'n', 'i', 'a']","['u', 'a', 'l', 'i', 'f', 'o', 'r', 'n', 'i', 'a']"
n,x,"['p', 'o', 'r', 'n']","['p', 'o', 'r', 'x']"
h,e,"['s', 'h', 'a', 'r', 'e']","['s', 'e', 'a', 'r', 'e']"
l,q,"['s', 'i', 'm', 'i', 'l', 'a', 'r']","['s', 'i', 'm', 'i', 'q', 'a', 'r']"
n,t,"['g', 'a', 'r', 'd', 'e', 'n']","['g', 'a', 'r', 'd', 'e', 't']"
c,j,"['s', 'c', 'h', 'o', 'o', 'l', 's']","['s', 'j', 'h', 'o', 'o', 'l', 's']"
l,g,"['m', 'i', 'l', 'l', 'i', 'o', 'n']","['m', 'i', 'g', 'g', 'i', 'o', 'n']"
a,p,"['a', 'd', 'd', 'e', 'd']","['p', 'd', 'd', 'e', 'd']"
e,l,"['r', 'e', 'f', 'e', 'r', 'e', 'n', 'c', 'e']","['r', 'l', 'f', 'l', 'r', 'l', 'n', 'c', 'l']"
n,e,"['c', 'o', 'm', 'p', 'a', 'n', 'i', 'e', 's']","['c', 'o', 'm', 'p', 'a', 'e', 'i', 'e', 's']"
s,r,"['l', 'i', 's', 't', 'e', 'd']","['l', 'i', 'r', 't', 'e', 'd']"
y,h,"['b', 'a', 'b', 'y']","['b', 'a', 'b', 'h']"
i,g,"['l', 'e', 'a', 'r', 'n', 'i', 'n', 'g']","['l', 'e', 'a', 'r', 'n', 'g', 'n', 'g']"
r,s,"['e', 'n', 'e', 'r', 'g', 'y']","['e', 'n', 'e', 's', 'g', 'y']"
r,m,"['r', 'u', 'n']","['m', 'u', 'n']"
i,j,"['d', 'e', 'l', 'i', 'v', 'e', 'r', 'y']","['d', 'e', 'l', 'j', 'v', 'e', 'r', 'y']"
t,b,"['n', 'e', 't']","['n', 'e', 'b']"
a,s,"['p', 'o', 'p', 'u', 'l', 'a', 'r']","['p', 'o', 'p', 'u', 'l', 's', 'r']"
r,c,"['t', 'e', 'r', 'm']","['t', 'e', 'c', 'm']"
l,z,"['f', 'i', 'l', 'm']","['f', 'i', 'z', 'm']"
e,s,"['s', 't', 'o', 'r', 'i', 'e', 's']","['s', 't', 'o', 'r', 'i', 's', 's']"
t,f,"['p', 'u', 't']","['p', 'u', 'f']"
m,s,"['c', 'o', 'm', 'p', 'u', 't', 'e', 'r', 's']","['c', 'o', 's', 'p', 'u', 't', 'e', 'r', 's']"
j,r,"['j', 'o', 'u', 'r', 'n', 'a', 'l']","['r', 'o', 'u', 'r', 'n', 'a', 'l']"
e,r,"['r', 'e', 'p', 'o', 'r', 't', 's']","['r', 'r', 'p', 'o', 'r', 't', 's']"
t,l,"['t', 'r', 'y']","['l', 'r', 'y']"
e,x,"['w', 'e', 'l', 'c', 'o', 'm', 'e']","['w', 'x', 'l', 'c', 'o', 'm', 'x']"
a,k,"['c', 'e', 'n', 't', 'r', 'a', 'l']","['c', 'e', 'n', 't', 'r', 'k', 'l']"
i,t,"['i', 'm', 'a', 'g', 'e', 's']","['t', 'm', 'a', 'g', 'e', 's']"
r,w,"['p', 'r', 'e', 's', 'i', 'd', 'e', 'n', 't']","['p', 'w', 'e', 's', 'i', 'd', 'e', 'n', 't']"
e,f,"['n', 'o', 't', 'i', 'c', 'e']","['n', 'o', 't', 'i', 'c', 'f']"
g,o,"['g', 'o', 'd']","['o', 'o', 'd']"
n,t,"['o', 'r', 'i', 'g', 'i', 'n', 'a', 'l']","['o', 'r', 'i', 'g', 'i', 't', 'a', 'l']"
a,e,"['h', 'e', 'a', 'd']","['h', 'e', 'e', 'd']"
d,t,"['r', 'a', 'd', 'i', 'o']","['r', 'a', 't', 'i', 'o']"
t,d,"['u', 'n', 't', 'i', 'l']","['u', 'n', 'd', 'i', 'l']"
e,l,"['c', 'e', 'l', 'l']","['c', 'l', 'l', 'l']"
o,s,"['c', 'o', 'l', 'o', 'r']","['c', 's', 'l', 's', 'r']"
s,d,"['s', 'e', 'l', 'f']","['d', 'e', 'l', 'f']"
u,r,"['c', 'o', 'u', 'n', 'c', 'i', 'l']","['c', 'o', 'r', 'n', 'c', 'i', 'l']"
a,o,"['a', 'w', 'a', 'y']","['o', 'w', 'o', 'y']"
l,v,"['i', 'n', 'c', 'l', 'u', 'd', 'e', 's']","['i', 'n', 'c', 'v', 'u', 'd', 'e', 's']"
a,o,"['t', 'r', 'a', 'c', 'k']","['t', 'r', 'o', 'c', 'k']"
t,p,"['a', 'u', 's', 't', 'r', 'a', 'l', 'i', 'a']","['a', 'u', 's', 'p', 'r', 'a', 'l', 'i', 'a']"
i,e,"['d', 'i', 's', 'c', 'u', 's', 's', 'i', 'o', 'n']","['d', 'e', 's', 'c', 'u', 's', 's', 'e', 'o', 'n']"
v,f,"['a', 'r', 'c', 'h', 'i', 'v', 'e']","['a', 'r', 'c', 'h', 'i', 'f', 'e']"
e,f,"['o', 'n', 'c', 'e']","['o', 'n', 'c', 'f']"
r,c,"['o', 't', 'h', 'e', 'r', 's']","['o', 't', 'h', 'e', 'c', 's']"
a,y,"['e', 'n', 't', 'e', 'r', 't', 'a', 'i', 'n', 'm', 'e', 'n', 't']","['e', 'n', 't', 'e', 'r', 't', 'y', 'i', 'n', 'm', 'e', 'n', 't']"
n,i,"['a', 'g', 'r', 'e', 'e', 'm', 'e', 'n', 't']","['a', 'g', 'r', 'e', 'e', 'm', 'e', 'i', 't']"
m,h,"['f', 'o', 'r', 'm', 'a', 't']","['f', 'o', 'r', 'h', 'a', 't']"
l,r,"['l', 'e', 'a', 's', 't']","['r', 'e', 'a', 's', 't']"
t,u,"['s', 'o', 'c', 'i', 'e', 't', 'y']","['s', 'o', 'c', 'i', 'e', 'u', 'y']"
t,w,"['m', 'o', 'n', 't', 'h', 's']","['m', 'o', 'n', 'w', 'h', 's']"
o,y,"['l', 'o', 'g']","['l', 'y', 'g']"
t,k,"['s', 'a', 'f', 'e', 't', 'y']","['s', 'a', 'f', 'e', 'k', 'y']"
f,a,"['f', 'r', 'i', 'e', 'n', 'd', 's']","['a', 'r', 'i', 'e', 'n', 'd', 's']"
u,j,"['s', 'u', 'r', 'e']","['s', 'j', 'r', 'e']"
f,n,"['f', 'a', 'q']","['n', 'a', 'q']"
t,l,"['t', 'r', 'a', 'd', 'e']","['l', 'r', 'a', 'd', 'e']"
t,l,"['e', 'd', 'i', 't', 'i', 'o', 'n']","['e', 'd', 'i', 'l', 'i', 'o', 'n']"
c,h,"['c', 'a', 'r', 's']","['h', 'a', 'r', 's']"
e,f,"['m', 'e', 's', 's', 'a', 'g', 'e', 's']","['m', 'f', 's', 's', 'a', 'g', 'f', 's']"
t,k,"['m', 'a', 'r', 'k', 'e', 't', 'i', 'n', 'g']","['m', 'a', 'r', 'k', 'e', 'k', 'i', 'n', 'g']"
e,y,"['t', 'e', 'l', 'l']","['t', 'y', 'l', 'l']"
h,q,"['f', 'u', 'r', 't', 'h', 'e', 'r']","['f', 'u', 'r', 't', 'q', 'e', 'r']"
a,e,"['u', 'p', 'd', 'a', 't', 'e', 'd']","['u', 'p', 'd', 'e', 't', 'e', 'd']"
a,b,"['a', 's', 's', 'o', 'c', 'i', 'a', 't', 'i', 'o', 'n']","['b', 's', 's', 'o', 'c', 'i', 'b', 't', 'i', 'o', 'n']"
a,j,"['a', 'b', 'l', 'e']","['j', 'b', 'l', 'e']"
n,m,"['h', 'a', 'v', 'i', 'n', 'g']","['h', 'a', 'v', 'i', 'm', 'g']"
o,h,"['p', 'r', 'o', 'v', 'i', 'd', 'e', 's']","['p', 'r', 'h', 'v', 'i', 'd', 'e', 's']"
d,t,"['d', 'a', 'v', 'i', 'd']","['t', 'a', 'v', 'i', 't']"
u,g,"['f', 'u', 'n']","['f', 'g', 'n']"
d,x,"['a', 'l', 'r', 'e', 'a', 'd', 'y']","['a', 'l', 'r', 'e', 'a', 'x', 'y']"
g,r,"['g', 'r', 'e', 'e', 'n']","['r', 'r', 'e', 'e', 'n']"
d,v,"['s', 't', 'u', 'd', 'i', 'e', 's']","['s', 't', 'u', 'v', 'i', 'e', 's']"
c,a,"['c', 'l', 'o', 's', 'e']","['a', 'l', 'o', 's', 'e']"
c,k,"['c', 'o', 'm', 'm', 'o', 'n']","['k', 'o', 'm', 'm', 'o', 'n']"
d,s,"['d', 'r', 'i', 'v', 'e']","['s', 'r', 'i', 'v', 'e']"
s,h,"['s', 'p', 'e', 'c', 'i', 'f', 'i', 'c']","['h', 'p', 'e', 'c', 'i', 'f', 'i', 'c']"
r,c,"['s', 'e', 'v', 'e', 'r', 'a', 'l']","['s', 'e', 'v', 'e', 'c', 'a', 'l']"
l,p,"['g', 'o', 'l', 'd']","['g', 'o', 'p', 'd']"
f,i,"['f', 'e', 'b']","['i', 'e', 'b']"
v,d,"['l', 'i', 'v', 'i', 'n', 'g']","['l', 'i', 'd', 'i', 'n', 'g']"
e,w,"['s', 'e', 'p']","['s', 'w', 'p']"
l,m,"['c', 'o', 'l', 'l', 'e', 'c', 't', 'i', 'o', 'n']","['c', 'o', 'm', 'm', 'e', 'c', 't', 'i', 'o', 'n']"
l,d,"['c', 'a', 'l', 'l', 'e', 'd']","['c', 'a', 'd', 'd', 'e', 'd']"
r,c,"['s', 'h', 'o', 'r', 't']","['s', 'h', 'o', 'c', 't']"
r,c,"['a', 'r', 't', 's']","['a', 'c', 't', 's']"
l,g,"['l', 'o', 't']","['g', 'o', 't']"
k,t,"['a', 's', 'k']","['a', 's', 't']"
p,f,"['d', 'i', 's', 'p', 'l', 'a', 'y']","['d', 'i', 's', 'f', 'l', 'a', 'y']"
e,m,"['l', 'i', 'm', 'i', 't', 'e', 'd']","['l', 'i', 'm', 'i', 't', 'm', 'd']"
o,r,"['p', 'o', 'w', 'e', 'r', 'e', 'd']","['p', 'r', 'w', 'e', 'r', 'e', 'd']"
l,b,"['s', 'o', 'l', 'u', 't', 'i', 'o', 'n', 's']","['s', 'o', 'b', 'u', 't', 'i', 'o', 'n', 's']"
n,p,"['m', 'e', 'a', 'n', 's']","['m', 'e', 'a', 'p', 's']"
o,u,"['d', 'i', 'r', 'e', 'c', 't', 'o', 'r']","['d', 'i', 'r', 'e', 'c', 't', 'u', 'r']"
i,a,"['d', 'a', 'i', 'l', 'y']","['d', 'a', 'a', 'l', 'y']"
c,c,"['b', 'e', 'a', 'c', 'h']","['b', 'e', 'a', 'c', 'h']"
a,z,"['p', 'a', 's', 't']","['p', 'z', 's', 't']"
a,w,"['n', 'a', 't', 'u', 'r', 'a', 'l']","['n', 'w', 't', 'u', 'r', 'w', 'l']"
t,h,"['w', 'h', 'e', 't', 'h', 'e', 'r']","['w', 'h', 'e', 'h', 'h', 'e', 'r']"
e,w,"['d', 'u', 'e']","['d', 'u', 'w']"
e,f,"['e', 'l', 'e', 'c', 't', 'r', 'o', 'n', 'i', 'c', 's']","['f', 'l', 'f', 'c', 't', 'r', 'o', 'n', 'i', 'c', 's']"
e,r,"['f', 'i', 'v', 'e']","['f', 'i', 'v', 'r']"
u,k,"['u', 'p', 'o', 'n']","['k', 'p', 'o', 'n']"
e,s,"['p', 'e', 'r', 'i', 'o', 'd']","['p', 's', 'r', 'i', 'o', 'd']"
i,t,"['p', 'l', 'a', 'n', 'n', 'i', 'n', 'g']","['p', 'l', 'a', 'n', 'n', 't', 'n', 'g']"
s,d,"['d', 'a', 't', 'a', 'b', 'a', 's', 'e']","['d', 'a', 't', 'a', 'b', 'a', 'd', 'e']"
y,o,"['s', 'a', 'y', 's']","['s', 'a', 'o', 's']"
i,x,"['o', 'f', 'f', 'i', 'c', 'i', 'a', 'l']","['o', 'f', 'f', 'x', 'c', 'x', 'a', 'l']"
a,e,"['w', 'e', 'a', 't', 'h', 'e', 'r']","['w', 'e', 'e', 't', 'h', 'e', 'r']"
m,s,"['m', 'a', 'r']","['s', 'a', 'r']"
a,h,"['l', 'a', 'n', 'd']","['l', 'h', 'n', 'd']"
a,j,"['a', 'v', 'e', 'r', 'a', 'g', 'e']","['j', 'v', 'e', 'r', 'j', 'g', 'e']"
d,k,"['d', 'o', 'n', 'e']","['k', 'o', 'n', 'e']"
n,h,"['t', 'e', 'c', 'h', 'n', 'i', 'c', 'a', 'l']","['t', 'e', 'c', 'h', 'h', 'i', 'c', 'a', 'l']"
d,w,"['w', 'i', 'n', 'd', 'o', 'w']","['w', 'i', 'n', 'w', 'o', 'w']"
f,v,"['f', 'r', 'a', 'n', 'c', 'e']","['v', 'r', 'a', 'n', 'c', 'e']"
r,s,"['p', 'r', 'o']","['p', 's', 'o']"
i,f,"['r', 'e', 'g', 'i', 'o', 'n']","['r', 'e', 'g', 'f', 'o', 'n']"
l,r,"['i', 's', 'l', 'a', 'n', 'd']","['i', 's', 'r', 'a', 'n', 'd']"
o,u,"['r', 'e', 'c', 'o', 'r', 'd']","['r', 'e', 'c', 'u', 'r', 'd']"
c,f,"['d', 'i', 'r', 'e', 'c', 't']","['d', 'i', 'r', 'e', 'f', 't']"
t,z,"['m', 'i', 'c', 'r', 'o', 's', 'o', 'f', 't']","['m', 'i', 'c', 'r', 'o', 's', 'o', 'f', 'z']"
o,i,"['c', 'o', 'n', 'f', 'e', 'r', 'e', 'n', 'c', 'e']","['c', 'i', 'n', 'f', 'e', 'r', 'e', 'n', 'c', 'e']"
e,m,"['e', 'n', 'v', 'i', 'r', 'o', 'n', 'm', 'e', 'n', 't']","['m', 'n', 'v', 'i', 'r', 'o', 'n', 'm', 'm', 'n', 't']"
d,a,"['r', 'e', 'c', 'o', 'r', 'd', 's']","['r', 'e', 'c', 'o', 'r', 'a', 's']"
c,n,"['d', 'i', 's', 't', 'r', 'i', 'c', 't']","['d', 'i', 's', 't', 'r', 'i', 'n', 't']"
a,e,"['c', 'a', 'l', 'e', 'n', 'd', 'a', 'r']","['c', 'e', 'l', 'e', 'n', 'd', 'e', 'r']"
o,w,"['c', 'o', 's', 't', 's']","['c', 'w', 's', 't', 's']"
e,a,"['s', 't', 'y', 'l', 'e']","['s', 't', 'y', 'l', 'a']"
u,j,"['u', 'r', 'l']","['j', 'r', 'l']"
n,u,"['f', 'r', 'o', 'n', 't']","['f', 'r', 'o', 'u', 't']"
n,m,"['s', 't', 'a', 't', 'e', 'm', 'e', 'n', 't']","['s', 't', 'a', 't', 'e', 'm', 'e', 'm', 't']"
t,p,"['u', 'p', 'd', 'a', 't', 'e']","['u', 'p', 'd', 'a', 'p', 'e']"
p,y,"['p', 'a', 'r', 't', 's']","['y', 'a', 'r', 't', 's']"
u,m,"['a', 'u', 'g']","['a', 'm', 'g']"
e,a,"['e', 'v', 'e', 'r']","['a', 'v', 'a', 'r']"
n,s,"['d', 'o', 'w', 'n', 'l', 'o', 'a', 'd', 's']","['d', 'o', 'w', 's', 'l', 'o', 'a', 'd', 's']"
y,z,"['e', 'a', 'r', 'l', 'y']","['e', 'a', 'r', 'l', 'z']"
s,h,"['m', 'i', 'l', 'e', 's']","['m', 'i', 'l', 'e', 'h']"
u,t,"['s', 'o', 'u', 'n', 'd']","['s', 'o', 't', 'n', 'd']"
e,o,"['r', 'e', 's', 'o', 'u', 'r', 'c', 'e']","['r', 'o', 's', 'o', 'u', 'r', 'c', 'o']"
s,b,"['p', 'r', 'e', 's', 'e', 'n', 't']","['p', 'r', 'e', 'b', 'e', 'n', 't']"
s,c,"['a', 'p', 'p', 'l', 'i', 'c', 'a', 't', 'i', 'o', 'n', 's']","['a', 'p', 'p', 'l', 'i', 'c', 'a', 't', 'i', 'o', 'n', 'c']"
r,v,"['e', 'i', 't', 'h', 'e', 'r']","['e', 'i', 't', 'h', 'e', 'v']"
g,i,"['a', 'g', 'o']","['a', 'i', 'o']"
o,e,"['d', 'o', 'c', 'u', 'm', 'e', 'n', 't']","['d', 'e', 'c', 'u', 'm', 'e', 'n', 't']"
d,t,"['w', 'o', 'r', 'd']","['w', 'o', 'r', 't']"
s,a,"['w', 'o', 'r', 'k', 's']","['w', 'o', 'r', 'k', 'a']"
t,r,"['m', 'a', 't', 'e', 'r', 'i', 'a', 'l']","['m', 'a', 'r', 'e', 'r', 'i', 'a', 'l']"
b,e,"['b', 'i', 'l', 'l']","['e', 'i', 'l', 'l']"
p,e,"['a', 'p', 'r']","['a', 'e', 'r']"
r,g,"['w', 'r', 'i', 't', 't', 'e', 'n']","['w', 'g', 'i', 't', 't', 'e', 'n']"
t,f,"['t', 'a', 'l', 'k']","['f', 'a', 'l', 'k']"
f,w,"['f', 'e', 'd', 'e', 'r', 'a', 'l']","['w', 'e', 'd', 'e', 'r', 'a', 'l']"
g,m,"['h', 'o', 's', 't', 'i', 'n', 'g']","['h', 'o', 's', 't', 'i', 'n', 'm']"
l,u,"['r', 'u', 'l', 'e', 's']","['r', 'u', 'u', 'e', 's']"
l,n,"['f', 'i', 'n', 'a', 'l']","['f', 'i', 'n', 'a', 'n']"
a,v,"['a', 'd', 'u', 'l', 't']","['v', 'd', 'u', 'l', 't']"
e,f,"['t', 'i', 'c', 'k', 'e', 't', 's']","['t', 'i', 'c', 'k', 'f', 't', 's']"
h,v,"['t', 'h', 'i', 'n', 'g']","['t', 'v', 'i', 'n', 'g']"
r,h,"['c', 'e', 'n', 't', 'r', 'e']","['c', 'e', 'n', 't', 'h', 'e']"
n,z,"['r', 'e', 'q', 'u', 'i', 'r', 'e', 'm', 'e', 'n', 't', 's']","['r', 'e', 'q', 'u', 'i', 'r', 'e', 'm', 'e', 'z', 't', 's']"
a,v,"['v', 'i', 'a']","['v', 'i', 'v']"
h,y,"['c', 'h', 'e', 'a', 'p']","['c', 'y', 'e', 'a', 'p']"
e,m,"['n', 'u', 'd', 'e']","['n', 'u', 'd', 'm']"
i,y,"['k', 'i', 'd', 's']","['k', 'y', 'd', 's']"
n,j,"['f', 'i', 'n', 'a', 'n', 'c', 'e']","['f', 'i', 'j', 'a', 'j', 'c', 'e']"
u,n,"['t', 'r', 'u', 'e']","['t', 'r', 'n', 'e']"
s,t,"['m', 'i', 'n', 'u', 't', 'e', 's']","['m', 'i', 'n', 'u', 't', 'e', 't']"
s,t,"['e', 'l', 's', 'e']","['e', 'l', 't', 'e']"
r,z,"['m', 'a', 'r', 'k']","['m', 'a', 'z', 'k']"
i,c,"['t', 'h', 'i', 'r', 'd']","['t', 'h', 'c', 'r', 'd']"
c,u,"['r', 'o', 'c', 'k']","['r', 'o', 'u', 'k']"
g,b,"['g', 'i', 'f', 't', 's']","['b', 'i', 'f', 't', 's']"
u,w,"['e', 'u', 'r', 'o', 'p', 'e']","['e', 'w', 'r', 'o', 'p', 'e']"
e,x,"['r', 'e', 'a', 'd', 'i', 'n', 'g']","['r', 'x', 'a', 'd', 'i', 'n', 'g']"
p,w,"['t', 'o', 'p', 'i', 'c', 's']","['t', 'o', 'w', 'i', 'c', 's']"
d,w,"['b', 'a', 'd']","['b', 'a', 'w']"
n,m,"['i', 'n', 'd', 'i', 'v', 'i', 'd', 'u', 'a', 'l']","['i', 'm', 'd', 'i', 'v', 'i', 'd', 'u', 'a', 'l']"
p,t,"['t', 'i', 'p', 's']","['t', 'i', 't', 's']"
u,g,"['p', 'l', 'u', 's']","['p', 'l', 'g', 's']"
a,d,"['a', 'u', 't', 'o']","['d', 'u', 't', 'o']"
o,w,"['c', 'o', 'v', 'e', 'r']","['c', 'w', 'v', 'e', 'r']"
a,x,"['u', 's', 'u', 'a', 'l', 'l', 'y']","['u', 's', 'u', 'x', 'l', 'l', 'y']"
t,n,"['e', 'd', 'i', 't']","['e', 'd', 'i', 'n']"
r,b,"['t', 'o', 'g', 'e', 't', 'h', 'e', 'r']","['t', 'o', 'g', 'e', 't', 'h', 'e', 'b']"
o,r,"['v', 'i', 'd', 'e', 'o', 's']","['v', 'i', 'd', 'e', 'r', 's']"
r,g,"['p', 'e', 'r', 'c', 'e', 'n', 't']","['p', 'e', 'g', 'c', 'e', 'n', 't']"
a,s,"['f', 'a', 's', 't']","['f', 's', 's', 't']"
i,s,"['f', 'u', 'n', 'c', 't', 'i', 'o', 'n']","['f', 'u', 'n', 'c', 't', 's', 'o', 'n']"
f,o,"['f', 'a', 'c', 't']","['o', 'a', 'c', 't']"
u,y,"['u', 'n', 'i', 't']","['y', 'n', 'i', 't']"
t,j,"['g', 'e', 't', 't', 'i', 'n', 'g']","['g', 'e', 'j', 'j', 'i', 'n', 'g']"
a,c,"['g', 'l', 'o', 'b', 'a', 'l']","['g', 'l', 'o', 'b', 'c', 'l']"
t,a,"['t', 'e', 'c', 'h']","['a', 'e', 'c', 'h']"
t,k,"['m', 'e', 'e', 't']","['m', 'e', 'e', 'k']"
f,o,"['f', 'a', 'r']","['o', 'a', 'r']"
e,b,"['e', 'c', 'o', 'n', 'o', 'm', 'i', 'c']","['b', 'c', 'o', 'n', 'o', 'm', 'i', 'c']"
e,b,"['p', 'l', 'a', 'y', 'e', 'r']","['p', 'l', 'a', 'y', 'b', 'r']"
r,d,"['p', 'r', 'o', 'j', 'e', 'c', 't', 's']","['p', 'd', 'o', 'j', 'e', 'c', 't', 's']"
y,i,"['l', 'y', 'r', 'i', 'c', 's']","['l', 'i', 'r', 'i', 'c', 's']"
o,f,"['o', 'f', 't', 'e', 'n']","['f', 'f', 't', 'e', 'n']"
i,k,"['s', 'u', 'b', 's', 'c', 'r', 'i', 'b', 'e']","['s', 'u', 'b', 's', 'c', 'r', 'k', 'b', 'e']"
u,h,"['s', 'u', 'b', 'm', 'i', 't']","['s', 'h', 'b', 'm', 'i', 't']"
r,n,"['g', 'e', 'r', 'm', 'a', 'n', 'y']","['g', 'e', 'n', 'm', 'a', 'n', 'y']"
a,i,"['a', 'm', 'o', 'u', 'n', 't']","['i', 'm', 'o', 'u', 'n', 't']"
a,m,"['w', 'a', 't', 'c', 'h']","['w', 'm', 't', 'c', 'h']"
i,h,"['i', 'n', 'c', 'l', 'u', 'd', 'e', 'd']","['h', 'n', 'c', 'l', 'u', 'd', 'e', 'd']"
e,s,"['f', 'e', 'e', 'l']","['f', 's', 's', 'l']"
o,b,"['t', 'h', 'o', 'u', 'g', 'h']","['t', 'h', 'b', 'u', 'g', 'h']"
n,h,"['b', 'a', 'n', 'k']","['b', 'a', 'h', 'k']"
s,a,"['r', 'i', 's', 'k']","['r', 'i', 'a', 'k']"
s,o,"['t', 'h', 'a', 'n', 'k', 's']","['t', 'h', 'a', 'n', 'k', 'o']"
g,i,"['e', 'v', 'e', 'r', 'y', 't', 'h', 'i', 'n', 'g']","['e', 'v', 'e', 'r', 'y', 't', 'h', 'i', 'n', 'i']"
e,d,"['d', 'e', 'a', 'l', 's']","['d', 'd', 'a', 'l', 's']"
u,k,"['v', 'a', 'r', 'i', 'o', 'u', 's']","['v', 'a', 'r', 'i', 'o', 'k', 's']"
r,a,"['w', 'o', 'r', 'd', 's']","['w', 'o', 'a', 'd', 's']"
x,u,"['l', 'i', 'n', 'u', 'x']","['l', 'i', 'n', 'u', 'u']"
l,n,"['j', 'u', 'l']","['j', 'u', 'n']"
u,e,"['p', 'r', 'o', 'd', 'u', 'c', 't', 'i', 'o', 'n']","['p', 'r', 'o', 'd', 'e', 'c', 't', 'i', 'o', 'n']"
o,j,"['c', 'o', 'm', 'm', 'e', 'r', 'c', 'i', 'a', 'l']","['c', 'j', 'm', 'm', 'e', 'r', 'c', 'i', 'a', 'l']"
m,h,"['j', 'a', 'm', 'e', 's']","['j', 'a', 'h', 'e', 's']"
t,a,"['w', 'e', 'i', 'g', 'h', 't']","['w', 'e', 'i', 'g', 'h', 'a']"
n,b,"['t', 'o', 'w', 'n']","['t', 'o', 'w', 'b']"
t,e,"['h', 'e', 'a', 'r', 't']","['h', 'e', 'a', 'r', 'e']"
s,g,"['a', 'd', 'v', 'e', 'r', 't', 'i', 's', 'i', 'n', 'g']","['a', 'd', 'v', 'e', 'r', 't', 'i', 'g', 'i', 'n', 'g']"
c,d,"['r', 'e', 'c', 'e', 'i', 'v', 'e', 'd']","['r', 'e', 'd', 'e', 'i', 'v', 'e', 'd']"
e,n,"['c', 'h', 'o', 'o', 's', 'e']","['c', 'h', 'o', 'o', 's', 'n']"
r,s,"['t', 'r', 'e', 'a', 't', 'm', 'e', 'n', 't']","['t', 's', 'e', 'a', 't', 'm', 'e', 'n', 't']"
r,u,"['n', 'e', 'w', 's', 'l', 'e', 't', 't', 'e', 'r']","['n', 'e', 'w', 's', 'l', 'e', 't', 't', 'e', 'u']"
h,q,"['a', 'r', 'c', 'h', 'i', 'v', 'e', 's']","['a', 'r', 'c', 'q', 'i', 'v', 'e', 's']"
n,j,"['p', 'o', 'i', 'n', 't', 's']","['p', 'o', 'i', 'j', 't', 's']"
e,w,"['k', 'n', 'o', 'w', 'l', 'e', 'd', 'g', 'e']","['k', 'n', 'o', 'w', 'l', 'w', 'd', 'g', 'w']"
e,s,"['m', 'a', 'g', 'a', 'z', 'i', 'n', 'e']","['m', 'a', 'g', 'a', 'z', 'i', 'n', 's']"
e,c,"['e', 'r', 'r', 'o', 'r']","['c', 'r', 'r', 'o', 'r']"
r,x,"['c', 'a', 'm', 'e', 'r', 'a']","['c', 'a', 'm', 'e', 'x', 'a']"
u,o,"['j', 'u', 'n']","['j', 'o', 'n']"
g,t,"['g', 'i', 'r', 'l']","['t', 'i', 'r', 'l']"
n,f,"['c', 'u', 'r', 'r', 'e', 'n', 't', 'l', 'y']","['c', 'u', 'r', 'r', 'e', 'f', 't', 'l', 'y']"
o,t,"['c', 'o', 'n', 's', 't', 'r', 'u', 'c', 't', 'i', 'o', 'n']","['c', 't', 'n', 's', 't', 'r', 'u', 'c', 't', 'i', 't', 'n']"
t,j,"['t', 'o', 'y', 's']","['j', 'o', 'y', 's']"
d,d,"['r', 'e', 'g', 'i', 's', 't', 'e', 'r', 'e', 'd']","['r', 'e', 'g', 'i', 's', 't', 'e', 'r', 'e', 'd']"
r,e,"['c', 'l', 'e', 'a', 'r']","['c', 'l', 'e', 'a', 'e']"
f,b,"['g', 'o', 'l', 'f']","['g', 'o', 'l', 'b']"
c,h,"['r', 'e', 'c', 'e', 'i', 'v', 'e']","['r', 'e', 'h', 'e', 'i', 'v', 'e']"
o,d,"['d', 'o', 'm', 'a', 'i', 'n']","['d', 'd', 'm', 'a', 'i', 'n']"
e,u,"['m', 'e', 't', 'h', 'o', 'd', 's']","['m', 'u', 't', 'h', 'o', 'd', 's']"
t,b,"['c', 'h', 'a', 'p', 't', 'e', 'r']","['c', 'h', 'a', 'p', 'b', 'e', 'r']"
a,x,"['m', 'a', 'k', 'e', 's']","['m', 'x', 'k', 'e', 's']"
r,y,"['p', 'r', 'o', 't', 'e', 'c', 't', 'i', 'o', 'n']","['p', 'y', 'o', 't', 'e', 'c', 't', 'i', 'o', 'n']"
s,v,"['p', 'o', 'l', 'i', 'c', 'i', 'e', 's']","['p', 'o', 'l', 'i', 'c', 'i', 'e', 'v']"
n,j,"['l', 'o', 'a', 'n']","['l', 'o', 'a', 'j']"
e,r,"['w', 'i', 'd', 'e']","['w', 'i', 'd', 'r']"
u,w,"['b', 'e', 'a', 'u', 't', 'y']","['b', 'e', 'a', 'w', 't', 'y']"
g,y,"['m', 'a', 'n', 'a', 'g', 'e', 'r']","['m', 'a', 'n', 'a', 'y', 'e', 'r']"
a,t,"['i', 'n', 'd', 'i', 'a']","['i', 'n', 'd', 'i', 't']"
n,h,"['p', 'o', 's', 'i', 't', 'i', 'o', 'n']","['p', 'o', 's', 'i', 't', 'i', 'o', 'h']"
k,z,"['t', 'a', 'k', 'e', 'n']","['t', 'a', 'z', 'e', 'n']"
r,n,"['s', 'o', 'r', 't']","['s', 'o', 'n', 't']"
t,q,"['l', 'i', 's', 't', 'i', 'n', 'g', 's']","['l', 'i', 's', 'q', 'i', 'n', 'g', 's']"
o,t,"['m', 'o', 'd', 'e', 'l', 's']","['m', 't', 'd', 'e', 'l', 's']"
i,t,"['m', 'i', 'c', 'h', 'a', 'e', 'l']","['m', 't', 'c', 'h', 'a', 'e', 'l']"
o,c,"['k', 'n', 'o', 'w', 'n']","['k', 'n', 'c', 'w', 'n']"
h,s,"['h', 'a', 'l', 'f']","['s', 'a', 'l', 'f']"
e,h,"['c', 'a', 's', 'e', 's']","['c', 'a', 's', 'h', 's']"
p,g,"['s', 't', 'e', 'p']","['s', 't', 'e', 'g']"
e,d,"['e', 'n', 'g', 'i', 'n', 'e', 'e', 'r', 'i', 'n', 'g']","['d', 'n', 'g', 'i', 'n', 'd', 'd', 'r', 'i', 'n', 'g']"
l,c,"['f', 'l', 'o', 'r', 'i', 'd', 'a']","['f', 'c', 'o', 'r', 'i', 'd', 'a']"
s,h,"['s', 'i', 'm', 'p', 'l', 'e']","['h', 'i', 'm', 'p', 'l', 'e']"
c,t,"['q', 'u', 'i', 'c', 'k']","['q', 'u', 'i', 't', 'k']"
o,q,"['n', 'o', 'n', 'e']","['n', 'q', 'n', 'e']"
s,s,"['w', 'i', 'r', 'e', 'l', 'e', 's', 's']","['w', 'i', 'r', 'e', 'l', 'e', 's', 's']"
c,q,"['l', 'i', 'c', 'e', 'n', 's', 'e']","['l', 'i', 'q', 'e', 'n', 's', 'e']"
u,d,"['p', 'a', 'u', 'l']","['p', 'a', 'd', 'l']"
y,a,"['f', 'r', 'i', 'd', 'a', 'y']","['f', 'r', 'i', 'd', 'a', 'a']"
e,h,"['l', 'a', 'k', 'e']","['l', 'a', 'k', 'h']"
w,d,"['w', 'h', 'o', 'l', 'e']","['d', 'h', 'o', 'l', 'e']"
l,c,"['a', 'n', 'n', 'u', 'a', 'l']","['a', 'n', 'n', 'u', 'a', 'c']"
e,k,"['p', 'u', 'b', 'l', 'i', 's', 'h', 'e', 'd']","['p', 'u', 'b', 'l', 'i', 's', 'h', 'k', 'd']"
t,b,"['l', 'a', 't', 'e', 'r']","['l', 'a', 'b', 'e', 'r']"
a,k,"['b', 'a', 's', 'i', 'c']","['b', 'k', 's', 'i', 'c']"
n,u,"['s', 'o', 'n', 'y']","['s', 'o', 'u', 'y']"
h,e,"['s', 'h', 'o', 'w', 's']","['s', 'e', 'o', 'w', 's']"
p,j,"['c', 'o', 'r', 'p', 'o', 'r', 'a', 't', 'e']","['c', 'o', 'r', 'j', 'o', 'r', 'a', 't', 'e']"
e,t,"['g', 'o', 'o', 'g', 'l', 'e']","['g', 'o', 'o', 'g', 'l', 't']"
h,e,"['c', 'h', 'u', 'r', 'c', 'h']","['c', 'e', 'u', 'r', 'c', 'e']"
d,d,"['m', 'e', 't', 'h', 'o', 'd']","['m', 'e', 't', 'h', 'o', 'd']"
u,l,"['p', 'u', 'r', 'c', 'h', 'a', 's', 'e']","['p', 'l', 'r', 'c', 'h', 'a', 's', 'e']"
s,s,"['c', 'u', 's', 't', 'o', 'm', 'e', 'r', 's']","['c', 'u', 's', 't', 'o', 'm', 'e', 'r', 's']"
a,l,"['a', 'c', 't', 'i', 'v', 'e']","['l', 'c', 't', 'i', 'v', 'e']"
p,l,"['r', 'e', 's', 'p', 'o', 'n', 's', 'e']","['r', 'e', 's', 'l', 'o', 'n', 's', 'e']"
a,y,"['p', 'r', 'a', 'c', 't', 'i', 'c', 'e']","['p', 'r', 'y', 'c', 't', 'i', 'c', 'e']"
h,x,"['h', 'a', 'r', 'd', 'w', 'a', 'r', 'e']","['x', 'a', 'r', 'd', 'w', 'a', 'r', 'e']"
i,o,"['f', 'i', 'g', 'u', 'r', 'e']","['f', 'o', 'g', 'u', 'r', 'e']"
r,w,"['m', 'a', 't', 'e', 'r', 'i', 'a', 'l', 's']","['m', 'a', 't', 'e', 'w', 'i', 'a', 'l', 's']"
r,k,"['f', 'i', 'r', 'e']","['f', 'i', 'k', 'e']"
o,r,"['h', 'o', 'l', 'i', 'd', 'a', 'y']","['h', 'r', 'l', 'i', 'd', 'a', 'y']"
t,b,"['c', 'h', 'a', 't']","['c', 'h', 'a', 'b']"
g,o,"['e', 'n', 'o', 'u', 'g', 'h']","['e', 'n', 'o', 'u', 'o', 'h']"
n,t,"['d', 'e', 's', 'i', 'g', 'n', 'e', 'd']","['d', 'e', 's', 'i', 'g', 't', 'e', 'd']"
g,a,"['a', 'l', 'o', 'n', 'g']","['a', 'l', 'o', 'n', 'a']"
g,d,"['a', 'm', 'o', 'n', 'g']","['a', 'm', 'o', 'n', 'd']"
t,u,"['d', 'e', 'a', 't', 'h']","['d', 'e', 'a', 'u', 'h']"
i,w,"['w', 'r', 'i', 't', 'i', 'n', 'g']","['w', 'r', 'w', 't', 'w', 'n', 'g']"
d,o,"['s', 'p', 'e', 'e', 'd']","['s', 'p', 'e', 'e', 'o']"
h,r,"['h', 't', 'm', 'l']","['r', 't', 'm', 'l']"
r,h,"['c', 'o', 'u', 'n', 't', 'r', 'i', 'e', 's']","['c', 'o', 'u', 'n', 't', 'h', 'i', 'e', 's']"
o,y,"['l', 'o', 's', 's']","['l', 'y', 's', 's']"
c,w,"['f', 'a', 'c', 'e']","['f', 'a', 'w', 'e']"
b,b,"['b', 'r', 'a', 'n', 'd']","['b', 'r', 'a', 'n', 'd']"
o,o,"['d', 'i', 's', 'c', 'o', 'u', 'n', 't']","['d', 'i', 's', 'c', 'o', 'u', 'n', 't']"
g,a,"['h', 'i', 'g', 'h', 'e', 'r']","['h', 'i', 'a', 'h', 'e', 'r']"
c,i,"['e', 'f', 'f', 'e', 'c', 't', 's']","['e', 'f', 'f', 'e', 'i', 't', 's']"
t,n,"['c', 'r', 'e', 'a', 't', 'e', 'd']","['c', 'r', 'e', 'a', 'n', 'e', 'd']"
m,y,"['r', 'e', 'm', 'e', 'm', 'b', 'e', 'r']","['r', 'e', 'y', 'e', 'y', 'b', 'e', 'r']"
d,q,"['s', 't', 'a', 'n', 'd', 'a', 'r', 'd', 's']","['s', 't', 'a', 'n', 'q', 'a', 'r', 'q', 's']"
o,y,"['o', 'i', 'l']","['y', 'i', 'l']"
t,g,"['b', 'i', 't']","['b', 'i', 'g']"
y,l,"['y', 'e', 'l', 'l', 'o', 'w']","['l', 'e', 'l', 'l', 'o', 'w']"
c,l,"['p', 'o', 'l', 'i', 't', 'i', 'c', 'a', 'l']","['p', 'o', 'l', 'i', 't', 'i', 'l', 'a', 'l']"
i,g,"['i', 'n', 'c', 'r', 'e', 'a', 's', 'e']","['g', 'n', 'c', 'r', 'e', 'a', 's', 'e']"
t,w,"['a', 'd', 'v', 'e', 'r', 't', 'i', 's', 'e']","['a', 'd', 'v', 'e', 'r', 'w', 'i', 's', 'e']"
n,m,"['k', 'i', 'n', 'g', 'd', 'o', 'm']","['k', 'i', 'm', 'g', 'd', 'o', 'm']"
s,a,"['b', 'a', 's', 'e']","['b', 'a', 'a', 'e']"
a,i,"['n', 'e', 'a', 'r']","['n', 'e', 'i', 'r']"
v,j,"['e', 'n', 'v', 'i', 'r', 'o', 'n', 'm', 'e', 'n', 't', 'a', 'l']","['e', 'n', 'j', 'i', 'r', 'o', 'n', 'm', 'e', 'n', 't', 'a', 'l']"
u,u,"['t', 'h', 'o', 'u', 'g', 'h', 't']","['t', 'h', 'o', 'u', 'g', 'h', 't']"
f,l,"['s', 't', 'u', 'f', 'f']","['s', 't', 'u', 'l', 'l']"
h,d,"['f', 'r', 'e', 'n', 'c', 'h']","['f', 'r', 'e', 'n', 'c', 'd']"
e,s,"['s', 't', 'o', 'r', 'a', 'g', 'e']","['s', 't', 'o', 'r', 'a', 'g', 's']"
p,h,"['j', 'a', 'p', 'a', 'n']","['j', 'a', 'h', 'a', 'n']"
g,e,"['d', 'o', 'i', 'n', 'g']","['d', 'o', 'i', 'n', 'e']"
a,i,"['l', 'o', 'a', 'n', 's']","['l', 'o', 'i', 'n', 's']"
e,o,"['s', 'h', 'o', 'e', 's']","['s', 'h', 'o', 'o', 's']"
y,t,"['e', 'n', 't', 'r', 'y']","['e', 'n', 't', 'r', 't']"
s,f,"['s', 't', 'a', 'y']","['f', 't', 'a', 'y']"
r,y,"['n', 'a', 't', 'u', 'r', 'e']","['n', 'a', 't', 'u', 'y', 'e']"
o,b,"['o', 'r', 'd', 'e', 'r', 's']","['b', 'r', 'd', 'e', 'r', 's']"
i,j,"['a', 'v', 'a', 'i', 'l', 'a', 'b', 'i', 'l', 'i', 't', 'y']","['a', 'v', 'a', 'j', 'l', 'a', 'b', 'j', 'l', 'j', 't', 'y']"
f,k,"['a', 'f', 'r', 'i', 'c', 'a']","['a', 'k', 'r', 'i', 'c', 'a']"
u,s,"['s', 'u', 'm', 'm', 'a', 'r', 'y']","['s', 's', 'm', 'm', 'a', 'r', 'y']"
t,y,"['t', 'u', 'r', 'n']","['y', 'u', 'r', 'n']"
m,w,"['m', 'e', 'a', 'n']","['w', 'e', 'a', 'n']"
o,u,"['g', 'r', 'o', 'w', 't', 'h']","['g', 'r', 'u', 'w', 't', 'h']"
s,q,"['n', 'o', 't', 'e', 's']","['n', 'o', 't', 'e', 'q']"
a,x,"['a', 'g', 'e', 'n', 'c', 'y']","['x', 'g', 'e', 'n', 'c', 'y']"
n,e,"['k', 'i', 'n', 'g']","['k', 'i', 'e', 'g']"
o,u,"['m', 'o', 'n', 'd', 'a', 'y']","['m', 'u', 'n', 'd', 'a', 'y']"
o,e,"['e', 'u', 'r', 'o', 'p', 'e', 'a', 'n']","['e', 'u', 'r', 'e', 'p', 'e', 'a', 'n']"
t,u,"['a', 'c', 't', 'i', 'v', 'i', 't', 'y']","['a', 'c', 'u', 'i', 'v', 'i', 'u', 'y']"
y,z,"['c', 'o', 'p', 'y']","['c', 'o', 'p', 'z']"
h,k,"['a', 'l', 't', 'h', 'o', 'u', 'g', 'h']","['a', 'l', 't', 'k', 'o', 'u', 'g', 'k']"
u,w,"['d', 'r', 'u', 'g']","['d', 'r', 'w', 'g']"
p,p,"['p', 'i', 'c', 's']","['p', 'i', 'c', 's']"
r,e,"['w', 'e', 's', 't', 'e', 'r', 'n']","['w', 'e', 's', 't', 'e', 'e', 'n']"
m,p,"['i', 'n', 'c', 'o', 'm', 'e']","['i', 'n', 'c', 'o', 'p', 'e']"
r,y,"['f', 'o', 'r', 'c', 'e']","['f', 'o', 'y', 'c', 'e']"
s,r,"['c', 'a', 's', 'h']","['c', 'a', 'r', 'h']"
y,m,"['e', 'm', 'p', 'l', 'o', 'y', 'm', 'e', 'n', 't']","['e', 'm', 'p', 'l', 'o', 'm', 'm', 'e', 'n', 't']"
v,f,"['o', 'v', 'e', 'r', 'a', 'l', 'l']","['o', 'f', 'e', 'r', 'a', 'l', 'l']"
a,x,"['b', 'a', 'y']","['b', 'x', 'y']"
r,o,"['r', 'i', 'v', 'e', 'r']","['o', 'i', 'v', 'e', 'o']"
s,j,"['c', 'o', 'm', 'm', 'i', 's', 's', 'i', 'o', 'n']","['c', 'o', 'm', 'm', 'i', 'j', 'j', 'i', 'o', 'n']"
g,k,"['p', 'a', 'c', 'k', 'a', 'g', 'e']","['p', 'a', 'c', 'k', 'a', 'k', 'e']"
c,y,"['c', 'o', 'n', 't', 'e', 'n', 't', 's']","['y', 'o', 'n', 't', 'e', 'n', 't', 's']"
s,c,"['s', 'e', 'e', 'n']","['c', 'e', 'e', 'n']"
y,n,"['p', 'l', 'a', 'y', 'e', 'r', 's']","['p', 'l', 'a', 'n', 'e', 'r', 's']"
g,b,"['e', 'n', 'g', 'i', 'n', 'e']","['e', 'n', 'b', 'i', 'n', 'e']"
p,u,"['p', 'o', 'r', 't']","['u', 'o', 'r', 't']"
m,i,"['a', 'l', 'b', 'u', 'm']","['a', 'l', 'b', 'u', 'i']"
a,o,"['r', 'e', 'g', 'i', 'o', 'n', 'a', 'l']","['r', 'e', 'g', 'i', 'o', 'n', 'o', 'l']"
t,o,"['s', 't', 'o', 'p']","['s', 'o', 'o', 'p']"
i,k,"['s', 'u', 'p', 'p', 'l', 'i', 'e', 's']","['s', 'u', 'p', 'p', 'l', 'k', 'e', 's']"
s,t,"['s', 't', 'a', 'r', 't', 'e', 'd']","['t', 't', 'a', 'r', 't', 'e', 'd']"
o,o,"['a', 'd', 'm', 'i', 'n', 'i', 's', 't', 'r', 'a', 't', 'i', 'o', 'n']","['a', 'd', 'm', 'i', 'n', 'i', 's', 't', 'r', 'a', 't', 'i', 'o', 'n']"
r,x,"['b', 'a', 'r']","['b', 'a', 'x']"
i,f,"['i', 'n', 's', 't', 'i', 't', 'u', 't', 'e']","['f', 'n', 's', 't', 'f', 't', 'u', 't', 'e']"
s,b,"['v', 'i', 'e', 'w', 's']","['v', 'i', 'e', 'w', 'b']"
p,r,"['p', 'l', 'a', 'n', 's']","['r', 'l', 'a', 'n', 's']"
u,h,"['d', 'o', 'u', 'b', 'l', 'e']","['d', 'o', 'h', 'b', 'l', 'e']"
o,u,"['d', 'o', 'g']","['d', 'u', 'g']"
i,k,"['b', 'u', 'i', 'l', 'd']","['b', 'u', 'k', 'l', 'd']"
e,e,"['s', 'c', 'r', 'e', 'e', 'n']","['s', 'c', 'r', 'e', 'e', 'n']"
c,s,"['e', 'x', 'c', 'h', 'a', 'n', 'g', 'e']","['e', 'x', 's', 'h', 'a', 'n', 'g', 'e']"
p,b,"['t', 'y', 'p', 'e', 's']","['t', 'y', 'b', 'e', 's']"
s,c,"['s', 'o', 'o', 'n']","['c', 'o', 'o', 'n']"
s,f,"['s', 'p', 'o', 'n', 's', 'o', 'r', 'e', 'd']","['f', 'p', 'o', 'n', 'f', 'o', 'r', 'e', 'd']"
i,p,"['l', 'i', 'n', 'e', 's']","['l', 'p', 'n', 'e', 's']"
c,c,"['e', 'l', 'e', 'c', 't', 'r', 'o', 'n', 'i', 'c']","['e', 'l', 'e', 'c', 't', 'r', 'o', 'n', 'i', 'c']"
o,c,"['c', 'o', 'n', 't', 'i', 'n', 'u', 'e']","['c', 'c', 'n', 't', 'i', 'n', 'u', 'e']"
s,a,"['a', 'c', 'r', 'o', 's', 's']","['a', 'c', 'r', 'o', 'a', 'a']"
n,y,"['b', 'e', 'n', 'e', 'f', 'i', 't', 's']","['b', 'e', 'y', 'e', 'f', 'i', 't', 's']"
e,q,"['n', 'e', 'e', 'd', 'e', 'd']","['n', 'q', 'q', 'd', 'q', 'd']"
n,o,"['s', 'e', 'a', 's', 'o', 'n']","['s', 'e', 'a', 's', 'o', 'o']"
a,t,"['a', 'p', 'p', 'l', 'y']","['t', 'p', 'p', 'l', 'y']"
s,b,"['s', 'o', 'm', 'e', 'o', 'n', 'e']","['b', 'o', 'm', 'e', 'o', 'n', 'e']"
l,j,"['h', 'e', 'l', 'd']","['h', 'e', 'j', 'd']"
h,m,"['a', 'n', 'y', 't', 'h', 'i', 'n', 'g']","['a', 'n', 'y', 't', 'm', 'i', 'n', 'g']"
i,f,"['p', 'r', 'i', 'n', 't', 'e', 'r']","['p', 'r', 'f', 'n', 't', 'e', 'r']"
i,k,"['c', 'o', 'n', 'd', 'i', 't', 'i', 'o', 'n']","['c', 'o', 'n', 'd', 'k', 't', 'k', 'o', 'n']"
t,n,"['e', 'f', 'f', 'e', 'c', 't', 'i', 'v', 'e']","['e', 'f', 'f', 'e', 'c', 'n', 'i', 'v', 'e']"
b,t,"['b', 'e', 'l', 'i', 'e', 'v', 'e']","['t', 'e', 'l', 'i', 'e', 'v', 'e']"
